t,x,y,track_y,heading,error,correction,distance_cm,speed_cap,left_speed,right_speed,terrain_mult
0.0,0.17688107530896313,0.5733350549177548,0.5065118201728618,1.2715482409275132,0.0967274861283987,14.776284235946441,136.85228759108054,30.0,15.223715764053559,44.77628423594644,1.0
0.02,0.3509533853064403,1.1475291256744478,1.0049149347066444,1.2764435584223042,0.031608407277462315,1.9581269979164042,164.7146653016713,30.0,28.041873002083594,31.958126997916406,1.0
0.04,0.5398711242308858,1.717011423836274,1.5456744818278683,1.2504841250788128,-0.04774250693065095,-10.38377333739652,185.58429460003606,30.0,40.38377333739652,19.61622666260348,1.0
0.06,0.7370824354880219,2.283675079554762,2.109921505031982,1.2358849003964576,-0.03233106580694468,-5.839689872942047,201.10913021313812,30.0,35.839689872942046,24.160310127057954,1.0
0.08,0.9369987566270835,2.849390082486648,2.681550556826321,1.2311073381983662,-0.014369794216780717,-1.911024879236617,212.54531443359892,30.0,31.911024879236617,28.088975120763383,1.0
0.1,1.1526206364529457,3.409307223624836,3.2975724779818543,1.2032038357616615,-0.07725138979984815,-11.161400974681895,221.27392453021434,30.0,41.1614009746819,18.838599025318103,1.0
0.12,1.3886209715051558,3.9609446424564854,3.97106179565393,1.1665413573034393,-0.11414699699084539,-14.664991383288893,227.65229609689854,30.0,44.66499138328889,15.335008616711107,1.0
0.14,1.6250358439288781,4.5124045304781575,4.644789773376777,1.1657897692986046,-0.03775234327133502,-0.3006352019339197,232.45738529952237,30.0,30.30063520193392,29.69936479806608,1.0
0.16,1.8545675732728506,5.066764688880946,5.2978466891619505,1.178238547398672,-0.0015723943179706994,4.979511240026964,236.19119484644932,30.0,25.020488759973034,34.979511240026966,1.0
0.18,2.055647486199488,5.632067146524124,5.868982487213876,1.2290497371133098,0.10711836102735874,20.324475885855087,238.7878652629681,30.0,9.675524114144913,50.32447588585509,1.0
0.2,2.2509170115126462,6.199402860615854,6.422649896408215,1.2393095655203485,0.028231282408788975,4.103931362815535,240.46122074930526,30.0,25.896068637184463,34.10393136281554,1.0
0.22,2.428107876817751,6.772642249747854,6.924158612922369,1.271007866091477,0.08951125696620219,12.679320228451342,242.04833232207145,30.0,17.320679771548658,42.679320228451346,1.0
0.24,2.590597826843338,7.350220829804873,7.383248666790754,1.2965551135343203,0.08916696254478233,10.218898977137302,242.91031428637643,30.0,19.7811010228627,40.2188989771373,1.0
0.26,2.755144328728513,7.927216885872289,7.847305383366887,1.2929926765635529,0.02469746228859191,-1.424974788306941,243.46974612934662,30.0,31.42497478830694,28.57502521169306,1.0
0.28,2.9219464919027507,8.50356490431288,8.316802889228633,1.289081166610943,0.02007246802957325,-1.5646039810439984,243.978685388084,30.0,31.564603981043998,28.435396018956002,1.0
0.3,3.103478065678079,9.075444513778589,8.826641950921186,1.2634266667829597,-0.04054266986377781,-10.261799931193355,244.34577809961235,30.0,40.26179993119335,19.738200068806645,1.0
0.32,3.286814014606546,9.646748224453129,9.340296899786397,1.2602699138406224,0.003829514997406184,-1.2627011769348842,244.55518797865102,30.0,31.262701176934883,28.737298823065117,1.0
0.34,3.4456965758999893,10.225329533965315,9.784367277998076,1.3027953871476847,0.12116394772116454,17.010189322824942,244.7301740174424,30.0,12.989810677175058,47.01018932282494,1.0
0.36,3.5993561964938596,10.805319810607042,10.212845494560812,1.3118114986780502,0.0545028398740586,3.606444612146235,244.75936575906815,30.0,26.393555387853766,33.606444612146234,1.0
0.38,3.7715857882857615,11.38006929317418,10.691891141536832,1.2796512297134537,-0.050456325235330494,-12.864107585838639,244.71379252965286,30.0,42.86410758583864,17.13589241416136,1.0
0.4,3.939808250670427,11.956004361692534,11.158497126401063,1.2866159764033993,0.033744668547494194,2.7858986759782454,244.68071367920217,30.0,27.214101324021755,32.785898675978245,1.0
0.42,4.150312120003595,12.517865662189164,11.740495210308877,1.212328587658757,-0.17633680951007888,-29.714955497856888,244.65360648832905,30.0,59.71495549785689,0.28504450214311206,1.0
0.44,4.377660947514479,13.073124620360419,12.366596400004404,1.1821730488586488,-0.09958567762640663,-12.062215520043315,244.6274849803945,30.0,42.06221552004332,17.937784479956683,1.0
0.46,4.613209579621433,13.624955067067143,13.012435153192389,1.1673600543115412,-0.0736033505483852,-5.925197818843026,244.68998575137527,30.0,35.925197818843024,24.074802181156976,1.0
0.48,4.849576611786046,14.176435462100088,13.657461753746231,1.165876519705339,-0.044295065821043866,-0.5934138424809293,244.5667503628838,30.0,30.593413842480928,29.406586157519072,1.0
0.5,5.098336653640053,14.722437697971694,14.332839580112413,1.1432930498270948,-0.09804507651723687,-9.033387951297643,244.39071583131698,30.0,39.03338795129764,20.96661204870236,1.0
0.52,5.329128366295236,15.276274483829845,14.956106850035713,1.1759646144577607,0.03732137245227297,13.068625852266372,244.21720456349374,30.0,16.931374147733628,43.06862585226637,1.0
0.54,5.571223325070204,15.825264493698645,15.606306971377942,1.155466653417188,-0.08258948444560736,-8.199184416229048,244.1260968126225,30.0,38.199184416229045,21.80081558377095,1.0
0.56,5.823345969734162,16.369722179885233,16.27936566438632,1.1371257582398702,-0.08575263557214685,-7.336358070927137,243.88851994424198,30.0,37.33635807092713,22.663641929072863,1.0
0.58,6.076413328235019,16.91374140019036,16.950596631098037,1.1353899132365435,-0.04949444951459686,-0.694338001330648,243.67903550735144,30.0,30.69433800133065,29.30566199866935,1.0
0.6,6.327520104860406,17.458668355600725,17.612151103833863,1.1389907886530413,-0.03389132218003376,1.4403501665991176,243.46927891574876,30.0,28.559649833400883,31.440350166599117,1.0
0.62,6.57461494667114,18.00542619884628,18.258622224129297,1.1463407430695023,-0.019820622228375485,2.9399817665843955,243.2454554322279,30.0,27.060018233415605,32.939981766584395,1.0
0.64,6.832172048048923,18.547334253344342,18.92753110164037,1.1271210035241892,-0.08346762445933069,-7.687895818125217,242.97852554019988,30.0,37.68789581812521,22.312104181874783,1.0
0.66,7.11621051337174,19.075843619597258,19.65916979474906,1.0776525196763187,-0.17059282052532013,-19.787393539148194,242.68591774885056,30.0,49.7873935391482,10.212606460851806,1.0
0.68,7.411256897190194,19.59828752222763,20.412210319360796,1.0567048404770834,-0.11877595902727821,-8.379071679694146,242.6558815229863,30.0,38.37907167969415,21.620928320305854,1.0
0.7000000000000001,7.6678166476335825,20.145283208936767,21.06106955280894,1.1322266902568383,0.12811298395512088,30.417479823804012,242.2836496928688,30.0,0.0,60.417479823804015,1.0
0.72,7.903514418559024,20.784123090227318,21.652139997693673,1.2173433228436294,0.22101408700604022,38.09330606943297,242.01367849816754,30.0,0.0,68.09330606943297,1.0
0.74,8.078957085736842,21.357899937558695,22.088904231937576,1.2740561172287266,0.17018510514679674,22.68511775403883,241.78890654268426,30.0,7.314882245961169,52.68511775403883,1.0
0.76,8.28290009055114,21.922175801642314,22.593111574994033,1.2239804370013596,-0.08178750451366416,-20.03027209094678,241.50893748959854,30.0,50.03027209094678,9.96972790905322,1.0
0.78,8.50903975293203,22.477928312296346,23.147695141932314,1.1843497404347587,-0.08265334636544877,-15.852278626640373,241.2679587540459,30.0,45.85227862664037,14.147721373359627,1.0
0.8,8.745771507007902,23.029252243041384,23.72307399007478,1.1652150752596901,-0.05031370868525163,-7.653866070027457,241.27426011181868,30.0,37.653866070027455,22.346133929972545,1.0
0.8200000000000001,8.999655103357203,23.572891019716433,24.33411923025601,1.1338890044996444,-0.09194859154195742,-12.530428304018349,241.23415668871135,30.0,42.53042830401835,17.46957169598165,1.0
0.84,9.269008542353982,24.1090334680458,24.97542877897058,1.1052373036126468,-0.10031707573038573,-11.460680354799022,241.03260608504854,30.0,41.460680354799024,18.539319645200976,1.0
0.86,9.561858321699843,24.632711810864254,25.664350284559724,1.0609043520616828,-0.1545299305009093,-17.733180620385653,240.84029605769095,30.0,47.73318062038565,12.266819379614347,1.0
0.88,9.882643664753262,25.139758912899264,26.408788822661876,1.006711983533462,-0.20073993235064463,-21.676947411288374,240.5838291101468,30.0,51.676947411288374,8.323052588711626,1.0
0.9,10.21624978466765,25.63846419335624,27.171389908001586,0.9812184670297962,-0.14986225756259608,-10.197406601466273,240.37263391656305,30.0,40.19740660146627,19.802593398533727,1.0
0.92,10.563225198643268,26.127961958516046,27.951708163805627,0.9541623300442851,-0.1622681544816994,-10.822454794204452,240.04185072363265,30.0,40.822454794204454,19.177545205795546,1.0
0.9400000000000001,10.908361894346754,26.618757905197434,28.71459216142476,0.9579136876090925,-0.0902429116951174,1.5005430259229642,239.75102498905432,30.0,28.499456974077034,31.500543025922966,1.0
0.96,11.250237524524618,27.11183097634459,29.45689933992496,0.9645427277037627,-0.07519508142614283,2.6516160378680818,239.4381607971879,30.0,27.34838396213192,32.65161603786808,1.0
0.98,11.59654308058942,27.71810265565775,30.19497616171087,1.0518185912860836,0.17667806222590116,39.820690865856605,239.2863309616343,30.0,0.0,69.8206908658566,1.0
1.0,11.882831005175488,28.245396903906485,30.794419055718198,1.073391394162638,0.027843896015681806,8.629121150621796,239.0518524697136,30.0,21.370878849378204,38.6291211506218,1.0
1.02,12.172549537106004,28.77081404509625,31.391005088838103,1.0668737574492422,-0.03311308646076031,-2.6070546853583707,238.7381565766828,30.0,32.60705468535837,27.39294531464163,1.0
1.04,12.469096694229792,29.29240754927532,31.991039387468845,1.0538299008209886,-0.052596344548016115,-5.217542651301473,238.56506865780878,30.0,35.21754265130147,24.78245734869853,1.0
1.06,12.79544221105767,29.795893997599748,32.6387793022504,0.995707662769979,-0.1762120918195761,-23.24889522040384,238.10903871632365,30.0,53.24889522040384,6.751104779596162,1.0
1.08,13.135529486916905,30.290202246366288,33.29955864562459,0.968165142523676,-0.12433820537489514,-11.017008098521194,237.70454911191717,30.0,41.017008098521195,18.982991901478805,1.0
1.1,13.457652238267842,30.79640075788336,33.911852649703896,1.004072134906529,0.030733545744570046,14.36279695314118,237.37957608768744,30.0,15.63720304685882,44.36279695314118,1.0
1.12,13.788840957818769,31.296714691371346,34.527429141860296,0.9860580048715674,-0.08863052946737364,-7.205652013984603,237.14594364260873,30.0,37.205652013984604,22.794347986015396,1.0
1.1400000000000001,14.096320609422204,31.811939170457723,35.08613313531883,1.0327421312828224,0.07395988795382094,18.67365056450206,236.95757207861163,30.0,11.326349435497939,48.67365056450206,1.0
1.16,14.375038277945709,32.34327377431185,35.5818155619899,1.0876931525397797,0.12207870570796969,21.980408502782872,236.75582565917108,30.0,8.019591497217128,51.98040850278287,1.0
1.18,14.630754675473073,32.88605284910713,36.0275153946087,1.1305149814442248,0.11951935083046981,17.128731561778014,236.6394539014505,30.0,12.871268438221986,47.12873156177801,1.0
1.2,14.87204519322024,33.43539689981243,36.44004989419085,1.1569314916896842,0.0979634975621671,10.56660409818376,236.52718807610543,30.0,19.43339590181624,40.56660409818376,1.0
1.22,15.127085216132913,33.97849411644377,36.8675699566515,1.131760748632541,-0.02525452424817006,-10.068297222857304,236.27807152849158,30.0,40.0682972228573,19.931702777142696,1.0
1.24,15.381630584050628,34.521823349663954,37.28547650990397,1.1326713578336434,0.027995583838335232,0.3642436804410103,236.00905408512898,30.0,29.63575631955899,30.36424368044101,1.0
1.26,15.663144567279955,35.051681705497245,37.73738156196412,1.0824230304414788,-0.10689880226589045,-20.099330956865852,235.93654935287492,30.0,50.099330956865856,9.900669043134148,1.0
1.28,15.913718216867174,35.596854014159874,38.13049208084321,1.1399689142480836,0.14844723247023617,23.01835352264193,235.68183242018347,30.0,6.981646477358069,53.01835352264193,1.0
1.3,16.139769782699805,36.15264236379003,38.47772304507953,1.1845082529127486,0.14381478953666701,17.815735465866027,235.50474929587068,30.0,12.184264534133973,47.81573546586603,1.0
1.32,16.361007507011937,36.710364399701454,38.81073061036149,1.1931544435439108,0.07099591436905224,3.45847625246489,235.36187762996232,30.0,26.54152374753511,33.45847625246489,1.0
1.34,16.560482111677928,37.27623530555662,39.10517152024831,1.2318880415408238,0.1515039702054486,15.493439198765156,235.25832953591464,30.0,14.506560801234844,45.49343919876516,1.0
1.36,16.752742765148383,37.84459772613623,39.38373786827442,1.244608270715008,0.10032149553028655,5.088091669673693,235.0295742753985,30.0,24.911908330326305,35.088091669673695,1.0
1.3800000000000001,16.93093540955591,38.41752650135969,39.63733106108172,1.269259817456932,0.1343166300371395,9.860618696769684,234.86500171736358,30.0,20.139381303230316,39.860618696769684,1.0
1.4000000000000001,17.100882908641335,38.99295490485973,39.87506931161599,1.2836194675651151,0.11603486676423756,5.743860043273202,234.75511394438792,30.0,24.2561399567268,35.7438600432732,1.0
1.42,17.25273048040974,39.57342222947675,40.0840796978913,1.314934486283543,0.16337794932078892,12.526007487371135,234.7172725744631,30.0,17.473992512628865,42.52600748737113,1.0
1.44,17.46177897645616,40.17338707033271,40.36655598981238,1.2355167729765266,-0.12673372237193029,-33.53417064561316,234.8047180999367,30.0,63.53417064561316,0.0,1.0
1.46,17.698177964634343,40.724853767775386,40.678628504414256,1.1658185731115622,-0.13752308190598966,-27.879279945985722,234.5119454410177,30.0,57.87927994598572,2.120720054014278,1.0
1.48,17.96276248926814,41.26336563331254,41.0186348908528,1.1141124981711676,-0.1283602704635828,-20.68242997615785,234.28594205993863,30.0,50.68242997615785,9.317570023842151,1.0
1.5,18.264366538570634,41.78205147025465,41.39425980624051,1.0441077960985676,-0.2029532170005126,-28.001880829039983,234.32754007552006,30.0,58.00188082903998,1.9981191709600168,1.0
1.52,18.57041221975065,42.29812902356525,41.76239905485502,1.0355230227273335,-0.07662509913149544,-3.4339093484936694,234.20343162098453,30.0,33.43390934849367,26.56609065150633,1.0
1.54,18.892522470335017,42.80433548981048,42.135709523691204,1.0040968300963873,-0.13776259036878896,-12.570477052378486,234.1726857955299,30.0,42.570477052378486,17.429522947621514,1.0
1.56,19.224726167376286,43.30397606429589,42.50553658159815,0.9840279582370799,-0.12089527871169717,-8.027548743722956,233.97499639031716,30.0,38.02754874372296,21.972451256277044,1.0
1.58,19.564025729787353,43.79882534129613,42.867387519571025,0.9697578378449644,-0.1120856483863759,-5.708048156846209,233.60026551842623,30.0,35.70804815684621,24.29195184315379,1.0
1.6,19.88452183171362,44.30605531739185,43.19449706966305,1.0072823229910883,0.020469189901358997,15.009794058449557,233.19519897228582,30.0,14.990205941550443,45.00979405844956,1.0
1.62,20.2182857687297,44.804654990824886,43.52004028080728,0.9809019798815841,-0.12341043296484464,-10.552137243801669,233.10295299792685,30.0,40.55213724380167,19.447862756198333,1.0
1.6400000000000001,20.56822108928054,45.29204115336028,43.84488377686682,0.9481024544879918,-0.15058008120261202,-13.11981015743693,232.94041398436795,30.0,43.11981015743693,16.88018984256307,1.0
1.6600000000000001,20.947299035116302,45.75712169582679,44.17786749427934,0.8869275367232513,-0.2379262293368806,-24.469967105896178,232.80183834796532,30.0,54.469967105896174,5.530032894103822,1.0
1.68,21.354413511588394,46.19786856540938,44.51373789661797,0.8250447043652127,-0.2665296530656551,-24.753132943215437,232.5783291246145,30.0,54.753132943215434,5.246867056784563,1.0
1.7,21.819272263605317,46.62740761283918,44.86997620455653,0.7459287439224838,-0.34804537894574866,-33.2927683541832,232.11346073911122,30.0,63.2927683541832,0.0,1.0
1.72,22.278308398727948,47.01378285357243,45.19354936375636,0.6996614781731374,-0.2862957992688408,-18.506906299738567,231.86110311605518,30.0,48.50690629973857,11.493093700261433,1.0
1.74,22.74844039419075,47.386577578377064,45.49629386464435,0.6704320016601446,-0.25596132531916904,-11.691790605197102,231.5581480560655,30.0,41.6917906051971,18.308209394802898,1.0
1.76,23.235252228800242,47.73731143429084,45.77970705965093,0.6243332416885486,-0.3049429726079664,-18.43950398863837,231.22810288561126,30.0,48.43950398863837,11.560496011361629,1.0
1.78,23.729686682048367,48.077215202203504,46.03680365340534,0.602259989734786,-0.2551511366001694,-8.82930078150505,230.8575258962858,30.0,38.829300781505054,21.17069921849495,1.0
1.8,24.244902681391018,48.384709062339525,46.27241253254269,0.5380817731022102,-0.3655607965898316,-25.67128665303035,230.66469136335036,30.0,55.67128665303035,4.32871334696965,1.0
1.82,24.898387629139005,48.698345880947095,46.525048412512675,0.447475255079958,-0.4971899657041822,-42.48521441780176,230.14012966791293,30.0,72.48521441780176,0.0,1.0
1.84,25.455025709357834,48.92229687480579,46.70068877139104,0.38251151945845485,-0.4309159583075058,-25.985494248601253,229.93229401113544,30.0,55.985494248601256,4.014505751398747,1.0
1.86,26.02653258782178,49.10499851100097,46.84443138430849,0.3094163205659626,-0.4706251603371371,-29.238079556996915,229.4508257139719,30.0,59.238079556996915,0.7619204430030848,1.0
1.8800000000000001,26.606625768034018,49.258269194013906,46.95377099375749,0.2583142943478092,-0.43455553874447,-20.440810487261345,228.82191103775483,30.0,50.440810487261345,9.559189512738655,1.0
1.9000000000000001,27.194708662468365,49.377258728317216,47.02851287617653,0.19963938431597855,-0.46350749503212096,-23.469964012732266,228.53842198999251,30.0,53.46996401273226,6.530035987267734,1.0
1.92,27.788776862095617,49.46141913582357,47.06874037084382,0.14073142485435605,-0.4765754294649125,-23.563183784649,228.2024191242016,30.0,53.563183784649,6.436816215351001,1.0
1.94,28.38742154119905,49.50172482005232,47.07517169900409,0.06722676680913788,-0.5266689371444565,-29.40186321808727,227.64607952818278,30.0,59.40186321808727,0.5981367819127286,1.0
1.96,28.987407644680857,49.505808400432265,47.049125699416166,0.006806019844431292,-0.5110356937244924,-24.168298785882634,227.2284877632114,30.0,54.168298785882634,5.831701214117366,1.0
1.98,29.587383453006776,49.51119629646509,46.99249368394656,0.008979947410560334,-0.3580570409273848,0.8695710264516148,226.61084430757626,30.0,29.130428973548383,30.869571026451617,1.0
2.0,30.215168832915133,49.46737866515399,46.90267544612174,-0.06968413945969547,-0.5577860183222957,-32.93126949620464,225.8518410324441,30.0,62.93126949620464,0.0,1.0
2.02,30.809864079134993,49.387769845771324,46.79088172400771,-0.13307377707314133,-0.5308368214562063,-25.35585504537835,225.18137042485128,30.0,55.35585504537835,4.644144954621648,1.0
2.04,31.39775136205818,49.267817594532794,46.65688777090241,-0.20127669917086544,-0.555174421601748,-27.28116883908965,224.51934544046216,30.0,57.281168839089645,2.7188311609103515,1.0
2.06,31.97920485359997,49.11979111996198,46.503405366534054,-0.24928465664547245,-0.5158129449465542,-19.203182989842805,224.00966920602494,30.0,49.2031829898428,10.796817010157195,1.0
2.08,32.55509917406887,48.9514292131907,46.33283113870738,-0.2844224771982406,-0.48459441004817,-14.055128221107267,223.44617564614182,30.0,44.05512822110727,15.944871778892733,1.0
2.1,33.119335072067116,48.747375662841506,46.14971167483771,-0.34701180363025147,-0.5522612119094096,-25.035730572804347,222.92540606472764,30.0,55.03573057280435,4.964269427195653,1.0
2.12,33.67662131358451,48.52504247814922,45.95515886613851,-0.3796068193861995,-0.48369771673816364,-13.03800630237921,222.298148279711,30.0,43.03800630237921,16.96199369762079,1.0
2.14,34.23221538109064,48.29851382178982,45.7494822213861,-0.387146627139974,-0.412243262949571,-3.015923101509806,221.60632961246603,30.0,33.015923101509806,26.984076898490194,1.0
2.16,34.789578485013124,48.076373392363074,45.533233538929416,-0.37926096126604925,-0.35357573608280435,3.1542663495699106,220.9920127941935,30.0,26.84573365043009,33.15426634956991,1.0
2.18,35.34808529254469,47.85712434232887,45.30842770932735,-0.3740786852821532,-0.33554210577279237,2.072910393558418,220.44322955328064,30.0,27.927089606441584,32.072910393558416,1.0
2.2,35.90220872033722,47.62702169833829,45.07918817515053,-0.39358786157919834,-0.3778510971897109,-7.803670518818058,219.72867682019745,30.0,37.80367051881806,22.19632948118194,1.0
2.22,36.4442821230812,47.369812783178716,44.8507009774591,-0.4430329023069407,-0.4476907729375765,-19.778016291096932,219.2508976406627,30.0,49.77801629109693,10.221983708903068,1.0
2.24,37.00454152923102,47.046111261650445,44.61195042558099,-0.5239141112280976,-0.5525546898208996,-34.7049671369255,218.43411950646762,30.0,64.70496713692549,0.0,1.0
2.2600000000000002,37.51245115528387,46.69797094715183,44.394752243261145,-0.6008854803792657,-0.5578038839659583,-31.57709532093447,217.944763415565,30.0,61.57709532093447,0.0,1.0
2.2800000000000002,38.02170660386005,46.28366706274954,44.17766914131033,-0.6829476538873138,-0.6047662842439728,-35.64973880643845,217.55560943834797,30.0,65.64973880643845,0.0,1.0
2.3000000000000003,38.46621491902757,45.88066289683194,43.98980952061818,-0.7364655293601807,-0.5358711448102865,-21.407150189146776,216.82550741846822,30.0,51.407150189146776,8.592849810853224,1.0
2.32,38.90283270476203,45.4691232156585,43.80765864135294,-0.7558390294167141,-0.4513243322501712,-7.749400022613367,216.1091298457885,30.0,37.749400022613365,22.250599977386635,1.0
2.34,39.3410218980786,45.05925710232322,43.62805652128918,-0.7520128921393859,-0.37778658075805943,1.5304549109312848,215.48864489907385,30.0,28.469545089068717,31.530454910931283,1.0
2.36,39.78722982856916,44.65813557115426,43.449316774716486,-0.7322382977264597,-0.3121390658881303,7.909837765170492,214.98295240287558,30.0,22.090162234829506,37.909837765170494,1.0
2.38,40.243244257213036,44.268198600774944,43.271857154280184,-0.7074462100770116,-0.26832548272533924,9.91683505977924,214.58343955174882,30.0,20.08316494022076,39.91683505977924,1.0
2.4,40.71744743236899,43.90059643991077,43.09385461191557,-0.6594348223314408,-0.17600287360020814,19.204555098228298,213.96402179010735,30.0,10.795444901771702,49.2045550982283,1.0
2.42,41.209329136399084,43.5570089121388,42.91728933358678,-0.6097296893918948,-0.1299850653515974,19.882053175818395,213.5111651717352,30.0,10.117946824181605,49.8820531758184,1.0
2.44,41.706184929090384,43.22065445435788,42.74835307389025,-0.5950990296041372,-0.18169592291990486,5.852263915103034,213.00909444768425,30.0,24.147736084896966,35.85226391510304,1.0
2.46,42.19756168863823,42.876345174529035,42.59162120170609,-0.6111977711912903,-0.24210469421700323,-6.4394966348612375,212.6264264651436,30.0,36.439496634861236,23.560503365138764,1.0
2.48,42.67926237269394,42.518623982844424,42.44891694296688,-0.638761995910972,-0.2688169118238822,-11.025689887872694,212.09114103902647,30.0,41.025689887872694,18.974310112127306,1.0
2.5,43.17218952114533,42.176537990264215,42.31504461502864,-0.6066802975745031,-0.11533906246892472,12.832679334587539,211.51844663812207,30.0,17.16732066541246,42.83267933458754,1.0
2.52,43.683930310239575,41.863294690611696,42.190055343201685,-0.5492786988410301,-0.021246886216999997,22.96063949338922,210.82195415006572,30.0,7.03936050661078,52.96063949338922,1.0
2.54,44.212340408123346,41.57907159433966,42.07698614973233,-0.49349318274010084,0.013646981321262151,22.314206440371695,210.35731087838937,30.0,7.685793559628305,52.31420644037169,1.0
2.56,44.74092096816807,41.295165638884676,41.98115493859436,-0.4928931002225112,-0.09473042400285216,0.24003300703584696,209.91269020215861,30.0,29.759966992964152,30.240033007035848,1.0
2.58,45.278177514665025,41.02804131718003,41.90245551572776,-0.46140564853139576,-0.007814690916870391,12.594980676446186,209.3415143908956,30.0,17.405019323553816,42.594980676446184,1.0
2.6,45.824421664541305,40.779812937001736,41.84274941073533,-0.42652975736516396,0.022472834643899934,13.950356466492718,208.94399337218258,30.0,16.049643533507282,43.95035646649272,1.0
2.62,46.38455930334516,40.564764510838614,41.80375780331285,-0.3665685168082135,0.11010271679646243,23.984496222780184,208.2559019746586,30.0,6.015503777219816,53.98449622278018,1.0
2.64,46.95727703037683,40.38589471142103,41.78811499261167,-0.30271864524090647,0.15376624423969948,25.539948626922808,207.76699108383983,30.0,4.460051373077192,55.53994862692281,1.0
2.66,47.56845553238053,40.24642427056173,41.799430016033824,-0.2243573859604732,0.23415581775452038,32.68900742434662,206.94052674763407,30.0,0.0,62.68900742434662,1.0
2.68,48.191689288360905,40.15502210276797,41.841716855850464,-0.1456198203875126,0.2769331082326081,32.99005245836847,206.31567011154135,30.0,0.0,62.99005245836847,1.0
2.7,48.84681803202794,40.11332397049084,41.92059353503855,-0.06356301793734355,0.3332258975283089,35.64544196013524,205.6980853383962,30.0,0.0,65.64544196013523,1.0
2.72,49.48542378860906,40.12371709343823,42.03223737427451,0.01627327250119459,0.36170996714367426,33.86903235083051,205.0125197209387,30.0,0.0,63.86903235083051,1.0
2.74,50.19687879065509,40.199202303272656,42.19778817381779,0.10570430710678312,0.44756799762726235,41.54482768447082,204.46105375615997,30.0,0.0,71.54482768447082,1.0
2.7600000000000002,50.816177804865546,40.31474692013302,42.377690569282436,0.1844525042575203,0.4350031040618036,32.998557720589744,203.8316216889426,30.0,0.0,62.998557720589744,1.0
2.7800000000000002,51.40499927875671,40.471781971898,42.579888542104456,0.2606277478982316,0.4516142295953821,30.94019491256907,203.28170934702388,30.0,0.0,60.94019491256907,1.0
2.8000000000000003,51.97290633920747,40.66538354908729,42.80376361598772,0.32854827628951166,0.45270474009857253,27.168211356512025,202.52406303308118,30.0,2.8317886434879753,57.168211356512025,1.0
2.82,52.531350949123976,40.884790972970805,43.051523540792545,0.37436226762204866,0.4143596076010304,18.325596533014785,201.96550782280565,30.0,11.674403466985215,48.32559653301479,1.0
2.84,53.09666221017683,41.08584613487128,43.33010006484023,0.3417028063349926,0.2160776502306926,-13.063784514822432,201.33369690878172,30.0,43.06378451482243,16.93621548517757,1.0
2.86,53.670510548373706,41.26105482400708,43.64123079049779,0.2963324491898305,0.14966621845455438,-18.14814285806485,200.6353846902457,30.0,48.14814285806485,11.851857141935149,1.0
2.88,54.24728467224219,41.42637756907184,43.982384361598996,0.27914922680449283,0.1857211576999053,-6.873288954135068,200.28069218404772,30.0,36.87328895413507,23.12671104586493,1.0
2.9,54.81407416083988,41.62322694198211,44.344966230924605,0.3342727792053415,0.3537402809713731,22.049420960339468,199.68370270959352,30.0,7.950579039660532,52.04942096033947,1.0
2.92,55.37401738270857,41.83878108432994,44.729251672517535,0.36747151616852297,0.3129823614635344,13.279494785272597,199.28518245553067,30.0,16.720505214727403,43.2794947852726,1.0
2.94,55.932832458408,42.05724323476118,45.13800051935232,0.37267013957180406,0.2442292053857786,2.0794493613124327,198.87431576920176,30.0,27.920550638687565,32.079449361312435,1.0
2.96,56.48642977562842,42.28860876885463,45.567106847987226,0.39586802029500123,0.28142013993824666,9.279152289278866,198.54386552562778,30.0,20.720847710721134,39.27915228927887,1.0
2.98,57.030737505630896,42.541054990968476,46.01172629376023,0.43426496186610625,0.32098361247698026,15.358776628442012,197.92273353001013,30.0,14.641223371557988,45.358776628442016,1.0
3.0,57.56580565964351,42.81253624365737,46.469961779316975,0.46953174505214257,0.32029159714905214,14.106713274414526,197.52221956167202,30.0,15.893286725585474,44.106713274414524,1.0
3.02,58.081020330017225,43.12003233051329,46.93023397784804,0.5380860950230657,0.4129408825972021,27.421739988369268,196.98261860924507,30.0,2.578260011630732,57.42173998836927,1.0
3.04,58.57918356697794,43.45444732620102,47.39226118229381,0.5912006928302294,0.3946198976813066,21.24583912286547,196.35904267070708,30.0,8.754160877134531,51.24583912286547,1.0
3.06,59.059330334113234,43.83299590806952,47.8526410966892,0.6676287581540528,0.47241773255850183,31.142452259058675,195.73762857233032,30.0,0.0,61.14245225905867,1.0
3.08,59.60902974020976,44.35825626302862,48.39688456392898,0.7626672271378868,0.5947438575352721,46.030775187067235,195.28824416481575,30.0,0.0,76.03077518706723,1.0
3.1,60.012539510174555,44.802305658414944,48.8073996525339,0.8331927644479451,0.5204908157924053,28.21021492402332,194.8245313212581,30.0,1.7897850759766811,58.21021492402332,1.0
3.12,60.41383159843092,45.3244244906238,49.22435565799185,0.915507273254516,0.5878783177540214,35.851607045256706,194.3667826880439,30.0,0.0,65.85160704525671,1.0
3.14,60.75971630199914,45.857111347495135,49.590313151586166,0.9948986608980626,0.5986751291447169,33.51311011483729,194.04533565100536,30.0,0.0,63.51311011483729,1.0
3.16,61.07356867050875,46.36847881887057,49.92734851347762,1.0203270036403425,0.46754136353291287,10.17133709691195,193.72691803877652,30.0,19.828662903088052,40.17133709691195,1.0
3.18,61.38288244522076,46.88260427901956,50.2638768441005,1.0291784818423135,0.4148982692668465,3.540591280788435,193.52070075514277,30.0,26.459408719211567,33.54059128078843,1.0
3.2,61.67963445136226,47.404081264946065,50.59057749380817,1.0534371200510912,0.43807754370765883,9.703455283511053,193.32553907989816,30.0,20.296544716488945,39.703455283511055,1.0
3.22,61.99892952762853,47.912068129217296,50.94603055543266,1.0096483694393863,0.25152062886771887,-17.515500244681952,193.12814541188195,30.0,47.51550024468195,12.484499755318048,1.0
3.24,62.30582011592431,48.42764369769923,51.29125446730634,1.033885055645154,0.38710933447242335,9.694674482307104,193.08412156787585,30.0,20.305325517692896,39.69467448230711,1.0
3.2600000000000002,62.59506140720919,48.95332371007925,51.6195974379901,1.0677818383268771,0.40683882872240384,13.558713072689212,192.90512914498143,30.0,16.441286927310788,43.558713072689216,1.0
3.2800000000000002,62.867325422276764,49.48799398800695,51.93109884114693,1.0998011170010833,0.40157396235040177,12.807711469682491,192.5928909968095,30.0,17.19228853031751,42.80771146968249,1.0
3.3000000000000003,63.115016266562904,50.03448209003372,52.216369859967934,1.1452504075984467,0.4354475321875966,18.179716238945357,192.37659587310563,30.0,11.820283761054643,48.17971623894536,1.0
3.3200000000000003,63.34369438908869,50.589194913283805,52.481207303439554,1.1797778629599678,0.4124524053571987,13.810982144608474,192.28589961770783,30.0,16.189017855391526,43.810982144608474,1.0
3.34,63.54718380640482,51.15363450884771,52.7179583703058,1.2247841603310499,0.43961755750286374,18.002518948432865,192.1568068867291,30.0,11.997481051567135,48.002518948432865,1.0
3.36,63.75432992446168,51.71674238996284,52.95992484105478,1.2182980690634775,0.3098512955136883,-2.5944365070289397,191.9882018577755,30.0,32.59443650702894,27.405563492971062,1.0
3.38,63.94093286659279,52.28698737414772,53.17865270372393,1.2545461382399512,0.40032973860418014,14.499227670589523,191.9318234505674,30.0,15.500772329410477,44.49922767058952,1.0
3.4,64.11826570132934,52.86018286063056,53.387118891486644,1.2707601949263099,0.3493776778647797,6.4856226745434435,191.98315981610483,30.0,23.514377325456557,36.48562267454344,1.0
3.42,64.33262665369246,53.42058395101313,53.639818849623936,1.20545485140137,0.12714676158863175,-26.12213740997592,191.90751034178123,30.0,56.12213740997592,3.8778625900240797,1.0
3.44,64.57445935921173,53.96968953515996,53.92571183726819,1.1559443044561966,0.11874511446550509,-19.804218778069412,191.8634810963828,30.0,49.80421877806941,10.195781221930588,1.0
3.46,64.84830916647529,54.50354933235554,54.25031341157165,1.0968329440527254,0.054651569015043644,-23.644544161388506,191.60806239344498,30.0,53.64454416138851,6.355455838611494,1.0
3.48,65.14147980289647,55.02704811739749,54.59859499583436,1.0602915482546873,0.07208111297052025,-14.6165583192152,191.49135281672173,30.0,44.6165583192152,15.3834416807848,1.0
3.5,65.45323062760725,55.53969948362228,54.96954434176379,1.024431500103266,0.04599835121861404,-14.344019260568503,191.37213705847807,30.0,44.3440192605685,15.655980739431497,1.0
3.52,65.78103091151446,56.04224000325264,55.35990847964263,0.9928155612425396,0.03114297517304485,-12.646375544290596,191.23110692092916,30.0,42.64637554429059,17.353624455709404,1.0
3.54,66.17075697495338,56.54681350538563,55.82393068974592,0.9131207504427656,-0.1294053765520954,-33.75584863981916,191.01005547033114,30.0,63.75584863981916,0.0,1.0
3.56,66.66501266012395,57.07899831530498,56.411325500026116,0.8223334514418581,-0.23545660172250593,-42.629839200726025,190.85274197042583,30.0,72.62983920072602,0.0,1.0
3.58,67.10011562975507,57.492139218409704,56.92645274718568,0.7595127290976564,-0.17745879910995216,-25.128288937680672,190.61493412242282,30.0,55.12828893768067,4.871711062319328,1.0
3.6,67.5449796612322,57.8947506855811,57.450250385512426,0.7355824375434346,-0.10678202725591687,-9.572116621688732,190.45387119014507,30.0,39.572116621688735,20.427883378311268,1.0
3.62,67.99247162281658,58.29443924473356,57.97322536807867,0.7290314700180096,-0.07090893669313837,-2.6203870101699662,190.2167974657142,30.0,32.620387010169964,27.379612989830033,1.0
3.64,68.4282307003256,58.70688806139872,58.47777021012303,0.7579233010220303,0.021641751590793956,11.5567324016083,189.86139116517757,30.0,18.4432675983917,41.5567324016083,1.0
3.66,68.852471268042,59.13117562980448,58.963623016926974,0.7854535542410892,0.03586584650238203,11.012101287623551,189.7577169840256,30.0,18.98789871237645,41.01210128762355,1.0
3.68,69.26938862974096,59.562661334682375,59.435111485232376,0.8025679640878892,0.02469719251802796,6.845763938720021,189.4384877323359,30.0,23.15423606127998,36.84576393872002,1.0
3.7,69.65745718116311,60.02026684098351,59.86793853982656,0.8674402559124011,0.15965715228512825,25.94891672980478,189.30926512776074,30.0,4.051083270195221,55.94891672980478,1.0
3.72,70.02114087800655,60.497481854002054,60.26769362673584,0.9195985592393041,0.16001414703899516,20.863321330761202,188.80994215167328,30.0,9.136678669238798,50.8633213307612,1.0
3.74,70.35686146569694,60.99476616604178,60.63119519872632,0.9769725098124425,0.19897325924347697,22.94958022925538,188.52909306839476,30.0,7.050419770744622,52.949580229255375,1.0
3.7600000000000002,70.69597615489018,61.48974215290717,60.99255733689842,0.9701313850202553,0.057370836492517105,-2.736449916874884,188.36823431157353,30.0,32.73644991687488,27.263550083125118,1.0
3.7800000000000002,71.05548228242827,61.9701121605706,61.36879131933448,0.9283237224622473,-0.0417926602610347,-16.723065023203226,188.17850721548376,30.0,46.723065023203226,13.276934976796774,1.0
3.8000000000000003,71.43014041371163,62.438760519858526,61.75283432071575,0.8963944848583213,-0.040895039893011034,-12.771695041570384,188.12449141497243,30.0,42.77169504157038,17.228304958429618,1.0
3.8200000000000003,71.80519845264921,62.90708889549713,62.128495371604465,0.8955408721376761,0.021923769040459187,-0.3414450882580693,188.03241439575194,30.0,30.34144508825807,29.65855491174193,1.0
3.84,72.19082636725848,63.36675302448057,62.50497341200845,0.8727617687138475,-0.03719653790047939,-9.111641369531451,187.8252895508149,30.0,39.111641369531455,20.88835863046855,1.0
3.86,72.59208460619654,63.812838022753695,62.885542567407136,0.8382516100358113,-0.08068096188906745,-13.80406347121449,187.48404065405248,30.0,43.80406347121449,16.19593652878551,1.0
3.88,72.99439884668197,64.2579708702303,63.25500218350522,0.8358818167059019,-0.014544903196167129,-0.9479173319637684,187.27835303678472,30.0,30.94791733196377,29.05208266803623,1.0
3.9,73.38847054363782,64.71041699703252,63.604483178094924,0.8542474693832537,0.039082562401474404,7.346261070940729,187.07024901437853,30.0,22.653738929059273,37.34626107094073,1.0
3.92,73.79493891141719,65.15175979576699,63.95142232540342,0.8265096542458796,-0.07171970690173012,-11.095126054949612,186.69438977964344,30.0,41.09512605494961,18.90487394505039,1.0
3.94,74.22606744929901,65.5690464883704,64.30364018888856,0.7690846687208986,-0.16354123318766237,-22.9699942099924,186.41643004320028,30.0,52.9699942099924,7.0300057900076,1.0
3.96,74.68029508488614,65.96106339498148,64.65630941400002,0.7120162748838407,-0.1910086449235316,-22.82735753482319,186.2503941865157,30.0,52.82735753482319,7.172642465176811,1.0
3.98,75.17348377139085,66.32476297686634,65.01678660995714,0.635417434900022,-0.2729681183238079,-31.279071987054927,186.01851161340366,30.0,61.27907198705493,0.0,1.0
4.0,75.71955193299759,66.66340328213796,65.3873237388807,0.5550989581306803,-0.32834025748720896,-34.25478141547331,185.83359151648563,30.0,64.2547814154733,0.0,1.0
4.0200000000000005,76.23914819141318,66.96343616073716,65.7106854076414,0.5236620516478062,-0.22409080513590882,-12.574762593149647,185.62233832707562,30.0,42.57476259314964,17.425237406850353,1.0
4.04,76.77366279906543,67.23600566417868,66.01227679792677,0.4715666514027482,-0.28617925545421996,-20.838160098023195,185.22271654548996,30.0,50.838160098023195,9.161839901976805,1.0
4.0600000000000005,77.3418369150236,67.47263846380818,66.29688975178757,0.3946315216763279,-0.37434120656187697,-31.54810378113624,184.8376031518967,30.0,61.54810378113624,0.0,1.0
4.08,77.90855020764975,67.66970709134901,66.5423920035154,0.3346596412959314,-0.35551734350920305,-23.98875215215861,184.5603718876426,30.0,53.98875215215861,6.011247847841389,1.0
4.1,78.48574467420775,67.83355625300334,66.75158108010137,0.2765952879508941,-0.3698539855419781,-23.225741338014917,184.12497912979512,30.0,53.22574133801491,6.774258661985083,1.0
4.12,79.06522792301331,67.98911705897244,66.9187235167843,0.26226421937446065,-0.2726170761956578,-5.732427430573381,183.76054907102306,30.0,35.73242743057338,24.26757256942662,1.0
4.14,79.63824825172132,68.1670150715734,67.04045646366876,0.3010222948775363,-0.12766666820376338,15.503230201230249,183.41761368256846,30.0,14.496769798769751,45.50323020123025,1.0
4.16,80.2118863299503,68.342910936237,67.11774692380243,0.2975301547762623,-0.205679198235821,-1.3968560405095944,182.89100702949077,30.0,31.396856040509594,28.603143959490406,1.0
4.18,80.79508276559923,68.48391418955543,67.14946700237888,0.23722414651714688,-0.34513255051820346,-24.12240330364618,182.5400956775556,30.0,54.12240330364618,5.8775966963538195,2.5
4.2,81.3789330164408,68.62218524434363,67.13284109448753,0.23254191131559732,-0.21958719891704168,-1.8728940806198286,182.1835233110962,30.0,31.87289408061983,28.12710591938017,2.5
4.22,81.96100546456233,68.76775881728118,67.0671256885144,0.24506833809889006,-0.1652090904428694,5.0105707133170965,181.7064066303974,30.0,24.989429286682903,35.010570713317094,2.5
4.24,82.54824814203583,68.89082805695448,66.95025008575514,0.20658161221013951,-0.2812282698827781,-15.394690355500217,181.2962464424788,30.0,45.39469035550022,14.605309644499783,2.5
4.26,83.14073811494056,68.98546225799909,66.7800877649897,0.15838504145065843,-0.31602039813506866,-19.27862830379243,180.6753238735118,30.0,49.27862830379243,10.72137169620757,2.5
4.28,83.73577573347764,69.06247026099699,66.55572781829225,0.1287016825990345,-0.2813231449885825,-11.873343540649568,180.2690532068774,30.0,41.87334354064957,18.126656459350432,2.5
4.3,84.44425707006094,69.09087457444555,66.21798721740515,0.04007037029656117,-0.4749560323419207,-40.90504984197866,179.80347854495756,30.0,70.90504984197867,0.0,2.5
4.32,85.05175392292507,69.06904648908727,65.86679125470332,-0.0359157398188564,-0.44903451820215157,-30.788888092334062,179.07098026415667,30.0,60.78888809233406,0.0,2.5
4.34,85.85846600377576,68.95723944017517,65.31205770800901,-0.13771864356987382,-0.6094149184489212,-51.44232300081393,178.43284603469405,30.0,81.44232300081393,0.0,2.5
4.36,86.45126983853707,68.86459164747467,64.84002604257272,-0.15503328769709918,-0.3680361917993452,-6.925857650890142,177.80297619802516,30.0,36.925857650890144,23.074142349109856,2.5
4.38,87.04684593678476,68.79186537164497,64.31090490255235,-0.12150924285206052,-0.22553928809135831,13.409617938015462,177.32377706676937,30.0,16.59038206198454,43.40961793801546,2.5
4.4,87.63758807969467,68.68687146424926,63.73192136957903,-0.17589545467931605,-0.42100579404739114,-21.754484730902206,176.6650640015609,30.0,51.754484730902206,8.245515269097794,2.5
4.42,88.23785171540618,68.5314207945489,63.08868011123564,-0.25340365415160443,-0.5000423234985362,-32.006559577830686,176.02108242924157,30.0,62.006559577830686,0.0,2.5
4.44,88.94492706737473,68.2753966085091,62.260591341556385,-0.3474036489320891,-0.6106974560427412,-45.1999958243877,175.4687153781858,30.0,75.1999958243877,0.0,2.5
4.46,89.63160452152964,67.95012232018854,61.384412477817165,-0.44238138387947645,-0.6555206825371434,-45.9821879579099,174.7335091517993,30.0,75.9821879579099,0.0,2.5
4.48,90.27360442223406,67.5690269387984,60.502096937791464,-0.5357052120784359,-0.6853318552167753,-44.659062559167566,174.11678173412537,30.0,74.65906255916757,0.0,2.5
4.5,90.77029119168625,67.22074820790799,59.7783317852818,-0.6115335359978638,-0.6283421999942898,-30.662659135542235,173.39840199308568,30.0,60.662659135542235,0.0,2.5
4.5200000000000005,91.25700296020098,66.86987550394076,59.03487993614892,-0.6246184901449153,-0.47677297661775553,-5.233981658820635,172.87968576678668,30.0,35.23398165882064,24.766018341179365,2.5
4.54,91.72133431545831,66.48988025064817,58.294593231335675,-0.6858427419033701,-0.5845349616736437,-24.48970070338194,172.19696982156518,30.0,54.48970070338194,5.5102992966180615,2.5
4.5600000000000005,92.16983545437145,66.09132444728606,57.55132398516536,-0.7265029791485583,-0.5378971698844502,-16.264094898075292,171.59206280496477,30.0,46.26409489807529,13.735905101924708,2.5
4.58,92.61413866136819,65.68809416537209,56.7882128342041,-0.7369743346262143,-0.4551837757803292,-4.188542191062384,170.99505448627494,30.0,34.18854219106238,25.811457808937618,2.5
4.6000000000000005,93.0871740553087,65.17702996699006,55.947077097632004,-0.8240221931212259,-0.668415053744481,-39.638286796009254,170.45213271575693,30.0,69.63828679600925,0.0,2.5
4.62,93.46168182833125,64.70826144421396,55.2606334515538,-0.8967152775864885,-0.6265737917654108,-29.07723378610504,169.8281439618949,30.0,59.07723378610504,0.9227662138949597,2.5
4.64,93.91532757796251,63.99864128016938,54.40545447512252,-1.0019943148055293,-0.8035111451955808,-54.22322977523266,169.10507793002722,30.0,84.22322977523265,0.0,2.5
4.66,94.33121503547314,63.135593714732465,53.599229069604874,-1.1217475426796426,-0.9229168758817378,-65.80258229929066,168.5987081967144,30.0,95.80258229929066,0.0,2.5
4.68,94.58224073073568,62.590629403682684,53.10255709037979,-1.1391395766380363,-0.5935890639381513,-6.956813583357494,167.96949645168556,30.0,36.956813583357494,23.043186416642506,2.5
4.7,94.80627701673487,62.03402564645884,52.65303051221645,-1.1881315753297903,-0.654252021939747,-19.59679947670156,167.4806458826388,30.0,49.59679947670156,10.403200523298441,2.5
4.72,94.98995090116036,61.45383623541549,52.28015846810638,-1.2642026613803945,-0.7231745869718762,-30.85686884048337,166.88830426546673,30.0,60.85686884048337,0.0,2.5
4.74,95.15462554614435,60.66547672706336,51.94258444612377,-1.3648745024276348,-0.861791929351501,-50.53747283779224,166.15630589972383,30.0,80.53747283779224,0.0,2.5
4.76,95.23921768175848,59.82159430790059,51.767985674586285,-1.4708884583765274,-0.9240207898391427,-54.81116475911419,165.57057377968528,30.0,84.81116475911419,0.0,2.5
4.78,95.23554647223573,58.98714325947917,51.77557972995618,-1.5751958489037996,-0.9528448415318737,-53.44591242181782,165.12452124272443,30.0,83.44591242181782,0.0,2.5
4.8,95.13339899355074,58.105484625570426,51.98626995809032,-1.6861403771422632,-1.0215049817766804,-58.75562259077087,164.63566128222269,30.0,88.75562259077087,0.0,2.5
4.82,94.97214205531715,57.35409874290879,52.31648104141412,-1.782202250496732,-0.982311688820694,-46.84949868357522,164.36957815454863,30.0,76.84949868357522,0.0,2.5
4.84,94.62766753032625,56.381471858864565,53.011882184894,-1.9111805525680792,-1.1761174550448312,-73.18264165707764,164.10536738306212,30.0,103.18264165707764,0.0,2.5
4.86,94.41874385942255,55.819021061251014,53.42689583218807,-1.9264531073162015,-0.7907433203615405,-6.109021899248933,163.85998125931712,30.0,36.10902189924893,23.890978100751067,2.5
4.88,94.23893708856649,55.246596808485364,53.77992099207833,-1.8751514000873801,-0.5818099394786529,20.520682891528505,163.68489450943417,30.0,9.479317108471495,50.52068289152851,2.5
4.9,94.03806133286687,54.681221772980514,54.169711328432626,-1.9121817927678273,-0.7465415673351584,-14.812157072178893,163.58811960886266,30.0,44.81215707217889,15.187842927821107,2.5
4.92,93.82829267271856,54.11908557131798,54.57150793829372,-1.927955861813883,-0.6729508724441629,-6.309627618422255,163.5139856494484,30.0,36.309627618422255,23.690372381577745,2.5
4.94,93.63084618805831,53.55250381579164,54.944738481168216,-1.9061227972736414,-0.5467190023793246,8.733225816096603,163.55611981488647,30.0,21.266774183903397,38.733225816096606,2.5
4.96,93.44591480690649,52.7861281693376,55.289893002204124,-1.8075762309321586,-0.23883828207544922,48.8372530731863,163.5199475629111,30.0,0.0,78.8372530731863,2.5
4.98,93.32251898500957,52.198954028951306,55.517796522963046,-1.7779340996632231,-0.38708136994906406,11.856852507574162,163.61336787925978,30.0,18.14314749242584,41.85685250757416,2.5
5.0,93.23709578078207,51.417017110720394,55.67443269648382,-1.6796104577395237,-0.10458665742935795,48.6589135389595,163.5049170771538,30.0,0.0,78.6589135389595,2.5
5.0200000000000005,93.19629637196874,50.818405877748205,55.74891538950566,-1.6388478538772706,-0.23030667763502058,16.305041544901183,163.35401231868073,30.0,13.694958455098817,46.30504154490119,2.5
5.04,93.2281975324298,49.972897240936504,55.69069535712308,-1.5330840738234153,0.06058349465319866,54.61102404308432,163.20599125128314,30.0,0.0,84.61102404308431,2.5
5.0600000000000005,93.3514708073019,49.12650123087808,55.464498048116546,-1.4261683282176083,0.15322964467752154,55.532596484645616,162.96186090751436,30.0,0.0,85.53259648464561,2.5
5.08,93.57705975763326,48.26460770545045,55.04556808246717,-1.314802459927146,0.2594907977694407,59.092694632369806,162.9148700284348,30.0,0.0,89.09269463236981,2.5
5.1000000000000005,93.81846389736835,47.593239366478436,54.590201511545466,-1.2256211658845406,0.22616876645299636,41.34503523408425,162.56428073414662,30.0,0.0,71.34503523408425,2.5
5.12,94.1094264457945,46.96220368641635,54.03179043854259,-1.1387605345100096,0.26967980251273876,39.4885050996249,162.2103933124406,30.0,0.0,69.4885050996249,2.5
5.14,94.58883929544,46.1753452056063,53.08940094763014,-1.02358519608339,0.46815731102091196,62.14027074129564,161.77592194897932,30.0,0.0,92.14027074129564,2.5
5.16,94.91429118961,45.67128066154358,52.434222413027356,-0.9974815132853675,0.20592818517175582,10.441473119208986,161.45275708596503,30.0,19.558526880791014,40.441473119208986,2.5
5.18,95.21233805203013,45.118990849667526,51.82355243256292,-1.075928944778192,-0.0706621271127111,-32.75794519425945,161.1832164244387,30.0,62.75794519425945,0.0,2.5
5.2,95.62672724615908,44.49769772126149,50.95801378435691,-0.9825778303954996,0.3871772562081514,44.68089150615383,160.73850077839754,30.0,0.0,74.68089150615383,2.5
5.22,96.34983830570741,43.68082326361383,49.40346091027826,-0.8462089897922562,0.6645840914380953,79.09507248259469,160.23843742202976,30.0,0.0,109.09507248259469,2.5
5.24,97.11941199377611,43.00798891250085,47.690739964662484,-0.7184305117161034,0.7125738825880015,72.22278246092222,159.51849568082844,30.0,0.0,102.22278246092222,2.5
5.26,97.55449193125479,42.59482375423656,46.69750086929167,-0.7595684763649568,0.21111827744743628,-16.455185859541377,158.90601375559493,30.0,46.45518585954137,13.544814140458623,2.5
5.28,97.97720729847994,42.16901661677676,45.71622253081798,-0.789041857624684,0.20351629003983027,-11.7893525038909,158.49262707686447,30.0,41.789352503890896,18.2106474961091,2.5
5.3,98.43722135938789,41.61345612804637,44.63107204491618,-0.8792032054330166,-0.025181278674445612,-42.12907824666597,157.8404450082752,30.0,72.12907824666597,0.0,2.5
5.32,98.7960958825636,41.1040079680543,43.77263902352041,-0.9570982019732214,-0.027941607955385,-32.31599723216386,157.19940280943274,30.0,62.31599723216386,0.0,2.5
5.34,99.11088535085332,40.59321682614414,43.011529044754084,-1.0184934339665606,-0.027941607955385004,-24.558092797335643,156.54697192135052,30.0,54.55809279733565,5.441907202664357,2.5
5.36,99.41507662096565,39.99141813558372,42.269162937106145,-1.1027821855119173,-0.1502969904474116,-37.43100123628531,155.8826310254457,30.0,67.43100123628531,0.0,2.5
5.38,99.70019582207829,39.2547232650778,41.567482482045634,-1.2015252462707025,-0.2783267300098297,-48.99444860702818,155.6540948208924,30.0,78.99444860702818,0.0,2.5
5.4,99.90560169492683,38.690978262971946,41.05861355875072,-1.2213867487851144,-0.07372756151483911,-7.944601005764798,155.14016441926773,30.0,37.944601005764795,22.0553989942352,2.5
5.42,100.13841210723142,38.13798702260501,40.478586593273874,-1.1723168979865355,0.09842786236240626,19.62794031943156,154.80149302837077,30.0,10.37205968056844,49.62794031943156,2.5
5.44,100.38568537924534,37.59130985192059,39.85888049338229,-1.1460143767114792,0.06600348200210222,10.5210085100225,154.40344219380881,30.0,19.4789914899775,40.5210085100225,2.5
5.46,100.66483388263289,37.060201470272844,39.15499017018388,-1.0868821257904788,0.16605896594453914,23.652900368400122,153.965790027747,30.0,6.347099631599878,53.652900368400125,2.5
5.48,101.02043318209451,36.50137930783993,38.25210398337234,-1.0040859650435323,0.2784404136682695,36.23692859755714,153.5657654970594,30.0,0.0,66.23692859755714,2.5
5.5,101.36732481518085,36.01182216623673,37.365076392971545,-0.9543334765009306,0.21583475362534568,19.900995417040683,153.06029525958667,30.0,10.099004582959317,49.90099541704068,2.5
5.5200000000000005,101.73952047093569,35.541215755488615,36.40704286291607,-0.9016379394888865,0.24462237952518764,21.078214804817627,152.56458257676925,30.0,8.921785195182373,51.07821480481763,2.5
5.54,102.1241547323903,35.08071984354664,35.410771909815395,-0.8749215077249609,0.1979964157962074,10.686572705570232,151.99645193009786,30.0,19.31342729442977,40.68657270557023,2.5
5.5600000000000005,102.53585910333388,34.644257346937884,34.33813905489672,-0.8145800359246467,0.29302893914519607,24.13658872012568,151.3750688439645,30.0,5.86341127987432,54.13658872012568,2.5
5.58,102.93063796030005,34.19242811582011,33.304294358552745,-0.8526834328097118,0.058953075522082184,-15.241358754026036,150.9393213712319,30.0,45.24135875402604,14.758641245973964,2.5
5.6000000000000005,103.39425373637575,33.74123663387309,32.08455649599825,-0.7718176739474337,0.35812306716006526,34.692607089822495,150.4581152412394,30.0,0.0,64.6926070898225,2.5
5.62,103.8454936934901,33.34578435975719,30.892630875640148,-0.7196042902894482,0.30507629450104595,20.885353463194203,149.94179526476256,30.0,9.114646536805797,50.88535346319421,2.5
5.64,104.28896179478309,32.94163581882752,29.71775492182516,-0.7390430175846715,0.1351497660040418,-7.775490918089329,149.5536527497996,30.0,37.77549091808933,22.22450908191067,2.5
5.66,104.72216824992259,32.52650672176797,28.567748850078036,-0.7640921806698874,0.10071156661528527,-10.019665234086336,149.18548381587868,30.0,40.01966523408633,19.980334765913664,2.5
5.68,105.5321573494487,31.43020942864277,26.41478741103282,-0.9344754845882499,-0.5510988283791105,-106.30664313469,148.82016128252155,30.0,136.30664313469,0.0,2.5
5.7,105.86516017212097,30.896295177463443,25.52982680226415,-1.0131317092624694,-0.21348279402952944,-32.9249797393756,148.23899124749772,30.0,62.9249797393756,0.0,2.5
5.72,106.29183930096525,29.965000405873784,24.3970709319478,-1.1411798588111322,-0.5136100118109886,-72.43851963893023,147.56196941121888,30.0,102.43851963893023,0.0,2.5
5.74,106.5688776146121,29.127029699705826,23.66267519009218,-1.2515021941817348,-0.5101798660144289,-58.25786829648207,146.8483324328853,30.0,88.25786829648207,0.0,2.5
5.76,106.7294066556783,28.548903046649276,23.237643773433128,-1.299948551621265,-0.322042987179472,-19.378542975812064,146.23045141425098,30.0,49.37854297581207,10.621457024187936,2.5
5.78,107.07932206482892,27.689829268612087,22.312751661134932,-1.1839980941464145,0.20242727287272638,62.760365979880305,145.75698373980907,30.0,0.0,92.7603659798803,2.5
5.8,107.4979976944052,26.917283008589738,21.20953096603689,-1.0741603582388197,0.2623889698925173,57.87018872607588,145.16697666679343,30.0,0.0,87.87018872607588,2.5
5.82,107.95683988413901,26.244352881266416,20.005693576263287,-0.9723508615566658,0.3009700907746459,51.44759734572313,144.81373503390816,30.0,0.0,81.44759734572312,2.5
5.84,108.48536500384219,25.617996829998994,18.627190137386997,-0.8699072257492302,0.3722488028395878,51.954908645948485,144.35195465990594,30.0,0.0,81.95490864594848,2.5
5.86,108.90132747527115,25.185590513714516,17.54944097243402,-0.8047786336107747,0.26749030401935786,26.051436855382192,143.72737913639665,30.0,3.9485631446178076,56.05143685538219,2.5
5.88,109.30970617437288,24.746014765839384,16.498316408066692,-0.8221725260626849,0.07965821279934393,-6.957556980764065,143.2579327802617,30.0,36.95755698076407,23.042443019235936,2.5
5.9,109.7068222494113,24.296238351444323,15.483510547596838,-0.8474988760168723,0.04358081294252988,-10.130539981674982,142.63497687818023,30.0,40.130539981674985,19.869460018325018,2.5
5.92,110.11045642277278,23.852302033832444,14.460143609850993,-0.832912572111401,0.12960026230010868,5.834521562188536,142.09955776952228,30.0,24.165478437811466,35.834521562188534,2.5
5.94,110.62273118352255,23.148302520404737,13.174146566095041,-0.9417444913584438,-0.2793099139785247,-57.065535397634264,141.51262577797456,30.0,87.06553539763426,0.0,2.5
5.96,111.10921262449087,22.26385918246212,11.967318330795647,-1.0679204727815692,-0.4474450655178467,-70.94078513850033,140.95063519351766,30.0,100.94078513850033,0.0,2.5
5.98,111.48354926522013,21.313375782222685,11.048978530331102,-1.1956131344933911,-0.546023640030214,-72.1541293694575,140.57747209658498,30.0,102.1541293694575,0.0,2.5
6.0,111.71288292654319,20.47238026067491,10.491027726943017,-1.3045761009286128,-0.5350559707668556,-57.170373148177326,139.97380426791233,30.0,87.17037314817733,0.0,2.5
6.0200000000000005,111.85299484735951,19.513258539788815,10.151949428705995,-1.425738816021166,-0.6621420565255753,-66.93017207404249,139.60644584203743,30.0,96.93017207404249,0.0,2.5
6.04,111.92135804943995,18.917165868636662,9.987012886088753,-1.456609679559108,-0.37691736446381396,-12.348345415176825,139.2618281517641,30.0,42.34834541517682,17.651654584823177,2.5
6.0600000000000005,111.93960184608036,18.210353124295093,9.943053622902104,-1.5449906987741657,-0.5611781581757074,-40.704815372046305,138.6037625808496,30.0,70.70481537204631,0.0,2.5
6.08,112.04536360909668,17.393522204565237,9.688689864048422,-1.4420345262158385,0.013304827958894937,52.3649380466618,138.1471786492441,30.0,0.0,82.36493804666179,2.5
6.1000000000000005,112.24490886078648,16.56233181554156,9.211002664429481,-1.3351835954263391,0.11923838706612729,55.4807446315994,137.8254120983192,30.0,0.0,85.4807446315994,2.5
6.12,112.4059052316626,15.984335129941446,8.827763683129621,-1.2991401088386612,-0.06483649247966515,14.417394635071185,137.89335715660226,30.0,15.582605364928815,44.41739463507118,2.5
6.140000000000001,112.57092014858824,15.407472861118094,8.437008819684337,-1.2921807657689173,-0.11320422643693587,2.7837372278975563,137.60607207651242,30.0,27.216262772102443,32.783737227897554,2.5
6.16,112.72653837101767,14.828005028664984,8.070441580388376,-1.308433023928135,-0.1625365436811552,-6.500903263687106,137.46975960388252,30.0,36.50090326368711,23.499096736312893,2.5
6.18,112.93697117252393,14.2350327755155,7.577803432845334,-1.2297824858503759,0.09452421057536979,32.920430462207264,136.99417478589595,30.0,0.0,62.920430462207264,2.5
6.2,113.16875411211717,13.681610089936461,7.039325048623596,-1.1741742000177067,0.07382281759355266,22.243314333067683,136.7866461742732,30.0,7.7566856669323165,52.24331433306769,2.5
6.22,113.39970753334799,13.127840718066025,6.507191986110014,-1.1756726179328811,-0.04283735842118093,-0.5993671660698299,136.2597970315981,30.0,30.59936716606983,29.40063283393017,2.5
6.24,113.60544793254189,12.488008265984886,6.036947261327532,-1.259684770941076,-0.2805040948751609,-37.2097224065558,136.00732984281984,30.0,67.2097224065558,0.0,2.5
6.26,113.77890397903273,11.913627730158883,5.643324423427236,-1.277516651008484,-0.12829247425776263,-7.132752026963292,135.6887036852949,30.0,37.13275202696329,22.867247973036708,2.5
6.28,113.91570895124072,11.329432215301765,5.334729795278486,-1.3407647311764508,-0.2511456489571987,-25.29923206718664,135.44175043666678,30.0,55.29923206718664,4.70076793281336,2.5
6.3,114.02065121265535,10.486137329210502,5.099131649571875,-1.4469896652152112,-0.4722521554647129,-54.97994723100825,135.31895027007977,30.0,84.97994723100825,0.0,2.5
6.32,114.03479816256164,9.62761464296649,5.06744649133787,-1.5543195698162884,-0.5410954337945977,-55.863923680861795,135.2860347032638,30.0,85.8639236808618,0.0,2.5
6.34,114.10869880137744,8.924977536027146,4.902221699376543,-1.4660054811482108,0.030048943340615367,40.65127093446197,135.13318355355892,30.0,0.0,70.65127093446196,2.5
6.36,114.14445955373539,8.32604417697057,4.822445308628506,-1.5111597293212868,-0.28882538345702247,-18.06169926923043,134.99789454615728,30.0,48.06169926923043,11.93830073076957,2.5
6.38,114.33454713353451,7.322866002440911,4.400338131123782,-1.3835311337642868,0.28856001476498855,72.1028764456,134.86911210106723,30.0,0.0,102.1028764456,2.5
6.4,114.66281845438357,6.326807473322958,3.67921343339283,-1.252436305638768,0.4092479625672763,74.87586250041512,134.68306268760654,30.0,0.0,104.87586250041512,2.5
6.42,114.94736022796069,5.668538552112703,3.062343082973957,-1.1627944842098752,0.2925033783655772,41.7134571431142,134.27554386023309,30.0,0.0,71.7134571431142,2.5
6.44,115.19042367385121,5.11997664925048,2.541546476760473,-1.1537018405587567,0.09581912805515151,3.637057460447446,134.00602748884918,30.0,26.362942539552556,33.637057460447444,2.5
6.46,115.45875165308807,4.583320245619011,1.9733200107068942,-1.1071490495950858,0.19511979263376375,18.621116385468415,133.47580873439796,30.0,11.378883614531585,48.62111638546841,2.5
6.48,115.88828446382348,3.9043669486725916,1.0786592183623096,-1.0067221471569294,0.4229637386241139,50.34152195052509,133.12106361099268,30.0,0.0,80.34152195052509,2.5
6.5,116.21737218769769,3.4026685631905407,0.4059175910203834,-0.9902515513139959,0.19595461679242757,6.588238337173404,132.82349690753207,30.0,23.411761662826596,36.58823833717341,2.5
6.5200000000000005,116.58141238829016,2.7076032155304333,-0.325161984622488,-1.088330051854162,-0.16396951190033499,-48.46280043213303,132.5973495680027,30.0,78.46280043213304,0.0,2.5
6.54,116.94268393994625,1.7215692029030907,-1.0368125003662012,-1.2195967298477353,-0.40736005759324884,-75.01334239485846,132.2852810113995,30.0,105.01334239485846,0.0,2.5
6.5600000000000005,117.14557664234239,1.1569148384336452,-1.4303311246543942,-1.2258411403266254,-0.03213179048941109,-2.497764191556036,131.9423909249273,30.0,32.49776419155604,27.502235808443963,2.5
6.58,117.36310798535247,0.597736767683162,-1.847270684855376,-1.1997913266008333,0.05072768997363691,10.419925490316864,131.68607190588835,30.0,19.580074509683136,40.419925490316864,2.5
6.6000000000000005,117.76705119872675,-0.17761912696934512,-2.607699399332443,-1.0905076588049085,0.3732625439212349,57.42693423673975,131.47938578825784,30.0,0.0,87.42693423673975,2.5
6.62,118.34441755086614,-1.0092840486519505,-3.662964427196817,-0.9639536654772036,0.5374757432765475,71.24319466216392,131.21197854952902,30.0,0.0,101.24319466216392,2.5
6.640000000000001,118.6918438666543,-1.4984618845131685,-4.27974807357109,-0.9532408770517558,0.18637970479002008,4.285115370179149,130.73759795917576,30.0,25.71488462982085,34.28511537017915,2.5
6.66,119.04141722810162,-1.9861077242026095,-4.886351604812251,-0.9488449102967603,0.16704026245496081,1.7583867019981927,130.4636570965121,30.0,28.24161329800181,31.75838670199819,2.5
6.68,119.52947662921373,-2.8944211122566843,-5.709546211135965,-1.0777365308261433,-0.32893944651709034,-73.11329642350633,130.01228078678102,30.0,103.11329642350633,0.0,2.5
6.7,119.81249644702176,-3.5586108880776193,-6.174137526418631,-1.1679834382850305,-0.22730784572863383,-42.19752596710971,129.54206859615346,30.0,72.19752596710971,0.0,2.5
6.72,120.02695934836714,-4.118972970972707,-6.519905929255504,-1.205272923614295,-0.10452898494926112,-14.915794131705749,129.23767657503623,30.0,44.91579413170575,15.084205868294251,2.5
6.74,120.19948461461759,-4.693633768752765,-6.794113335966939,-1.2791367494498296,-0.2182998888696187,-29.545530334213804,128.82519974671902,30.0,59.54553033421381,0.4544696657861955,2.5
6.76,120.36648189694881,-5.269925281525586,-7.056173418776021,-1.2887426060291887,-0.0856445697228008,-3.8423426317436737,128.3952162696954,30.0,33.842342631743676,26.157657368256327,2.5
6.78,120.51888712849002,-5.8502464386436674,-7.292442708662286,-1.3139736570908327,-0.1274853537471579,-10.092420424657568,128.36271515389365,30.0,40.09242042465757,19.90757957534243,2.5
6.8,120.70801363140214,-6.419659439809108,-7.581794189950042,-1.2501175172168673,0.09696368514652559,25.54245594958616,128.02897435572396,30.0,4.457544050413841,55.542455949586156,2.5
6.82,121.30173369243502,-7.557127451351626,-8.462391073997496,-1.089730437188806,0.610295101084642,98.3096640224491,127.88447801390252,30.0,0.0,128.3096640224491,2.5
6.84,121.65420021247469,-8.11491864912832,-8.96519532884897,-1.007252820143138,0.3297492154796354,35.98209363653424,127.75127503896428,30.0,0.0,65.98209363653424,2.5
6.86,121.94833184738307,-8.673569975519396,-9.373376927353231,-1.0861717582945318,-0.0816181377520693,-33.13515052111494,127.51728900631488,30.0,63.13515052111494,0.0,2.5
6.88,122.28667553198382,-9.208743803413931,-9.830077424770998,-1.0070271640606532,0.3042714367310781,33.31567538710289,127.35440636804623,30.0,0.0,63.31567538710289,2.5
6.9,122.616183997436,-9.710165952102388,-10.26166099544373,-0.9894126859155243,0.17044008302183808,7.045791258051516,127.05680320252688,30.0,22.954208741948484,37.045791258051516,2.5
6.92,122.96440334598005,-10.198779588117144,-10.70362946739465,-0.9516187876701054,0.22587597050758473,15.117559298167553,126.64228611054386,30.0,14.882440701832447,45.11755929816755,2.5
6.94,123.30814462706836,-10.690553857142847,-11.125719085579954,-0.9607540213679191,0.1157076716801761,-3.6540934791254482,126.30175178997214,30.0,33.65409347912545,26.34590652087455,2.5
6.96,123.64253494566849,-11.188733658847514,-11.522843171543919,-0.9796451692886198,0.07829162361158701,-7.55645916828027,125.8771862342283,30.0,37.55645916828027,22.44354083171973,2.5
6.98,123.93979733081987,-11.71298544882702,-11.864758563389463,-1.0549782696789245,-0.08654483235169007,-30.266480312243708,125.59006892468666,30.0,60.26648031224371,0.0,2.5
7.0,124.25504121623663,-12.223496264292613,-12.21598513113397,-1.0176035559167236,0.16529451602611983,14.949885504880378,125.09539125863222,30.0,15.050114495119622,44.94988550488038,2.5
7.0200000000000005,124.60732714436612,-12.709186108577985,-12.59471797489463,-0.9432711710322789,0.27787568284774716,29.73295395377787,125.00859450737289,30.0,0.2670460462221307,59.732953953777866,2.5
7.04,124.9547351837219,-13.198376924304297,-12.954085407041035,-0.9532782380860723,0.09076054672098026,-4.002826821517374,124.58938145620505,30.0,34.002826821517374,25.997173178482626,2.5
7.0600000000000005,125.33178369760991,-13.665104273165321,-13.328387925016163,-0.891283431876737,0.26823239324561743,24.7979224837341,124.32730610558494,30.0,5.2020775162658985,54.7979224837341,2.5
7.08,125.68949087603971,-14.146815363446402,-13.668513147125587,-0.9320634217777304,0.025299129350991243,-16.311995960397347,123.87659613265518,30.0,46.31199596039735,13.688004039602653,2.5
7.1000000000000005,126.04450373686784,-14.630515548113138,-13.99182347263353,-0.9376451063435309,0.08990002324468102,-2.232673826320218,123.73518230926103,30.0,32.232673826320216,27.76732617367978,2.5
7.12,126.40536509152393,-15.109868322920766,-14.306089882507864,-0.9254995189694077,0.12819375087005022,4.858234949649263,123.50942916826375,30.0,25.141765050350738,34.858234949649265,2.5
7.140000000000001,126.74294163218633,-15.605894611734582,-14.587138769231734,-0.9732356105774115,-0.027259618070661237,-19.094436643201487,123.02731431346086,30.0,49.09443664320149,10.905563356798513,2.5
7.16,127.10361071142137,-16.085392072920506,-14.873796088978363,-0.9259005730887081,0.19248671048275837,18.93401499548135,122.76140862294494,30.0,11.065985004518652,48.93401499548135,2.5
7.18,127.46703962712778,-16.562801146177875,-15.148645155119196,-0.9201323423999039,0.10443974189585523,2.3072922755216503,122.40045534387151,30.0,27.69270772447835,32.30729227552165,2.5
7.2,127.84480247999417,-17.028950507428362,-15.419704445676516,-0.8897519565359363,0.16737303402445217,12.15215434558707,121.97752464597352,30.0,17.84784565441293,42.15215434558707,2.5
7.22,128.3304747463204,-17.531423497607857,-15.746756541720101,-0.8023988068951696,0.3599886327003352,39.882519712613345,121.65731601091008,30.0,0.0,69.88251971261334,2.5
7.24,128.74962832131777,-17.96073722970469,-16.010104426752825,-0.7973723095094905,0.1578050095446201,2.0105989542716687,121.30021398713062,30.0,27.989401045728332,32.01059895427167,2.5
7.26,129.18800031661877,-18.370407821443745,-16.26730731762177,-0.7515667815985164,0.25959794053291335,18.322211164389607,121.21731221389985,30.0,11.677788835610393,48.32221116438961,2.5
7.28,129.81890210015263,-18.852343357990712,-16.60588161588322,-0.6523275723415222,0.4790130999629881,49.391367405595425,121.09963832165786,30.0,0.0,79.39136740559542,2.5
7.3,130.4160962107399,-19.23008858369786,-16.893448365161642,-0.5639982647349251,0.4765217160276264,40.663446085277684,120.71347965661022,30.0,0.0,70.66344608527768,2.5
7.32,130.94395672597832,-19.51533107080707,-17.122257899274203,-0.4954233519751889,0.4303822854822755,27.42996510389449,120.19026115278291,30.0,2.5700348961055113,57.42996510389449,1.0
7.34,131.4854512949711,-19.773756363205667,-17.333490143226708,-0.44527803461023696,0.4035193783136102,20.058126945980757,119.6623401163092,30.0,9.941873054019243,50.05812694598076,1.0
7.36,132.04457025446266,-19.991439594385934,-17.527994503172714,-0.37127664210162525,0.4768041203219912,29.60055700344467,119.02857048452994,30.0,0.39944299655532944,59.60055700344467,1.0
7.38,132.61417637832878,-20.179983657284307,-17.703000081815567,-0.31965610512965026,0.4405433281393501,20.648214788789993,118.48608624891583,30.0,9.351785211210007,50.64821478878999,1.0
7.4,133.19580150847744,-20.3273342866672,-17.85926407320026,-0.24812249082237786,0.5023882024718385,28.613445722908963,118.08480718088953,30.0,1.3865542770910366,58.61344572290896,1.0
7.42,133.78585534644307,-20.4361298210518,-17.996445050337485,-0.1823345244514359,0.5066263872477161,26.315186548376786,117.60757749048611,30.0,3.6848134516232136,56.315186548376786,1.0
7.44,134.37847349884288,-20.529957990842327,-18.11450104547135,-0.15702477547561106,0.415911718008055,10.12389959032993,117.18787371231869,30.0,19.87610040967007,40.12389959032993,1.0
7.46,134.9654505681437,-20.654287875081852,-18.21390237158805,-0.20872881521084946,0.20807934451945645,-20.681615894095355,116.607606072253,30.0,50.68161589409536,9.318384105904645,1.0
7.48,135.5567186845883,-20.7562781416569,-18.298399855519065,-0.1708132071577902,0.39773090455974225,15.166243221223711,116.09977162927683,30.0,14.833756778776289,45.16624322122371,1.0
7.5,136.15258542720238,-20.826583369389088,-18.369764282286894,-0.11744518760376,0.4412699692944054,21.347207821612074,115.6751616743977,30.0,8.652792178387926,51.34720782161207,1.0
7.5200000000000005,136.79535908331513,-20.85040473841482,-18.433677654591197,-0.037043322865704706,0.536959648642726,34.32149179044424,115.04359524306017,30.0,0.0,64.32149179044424,1.0
7.54,137.5200456516879,-20.811471144478812,-18.492784348256514,0.05367313504683566,0.6176249117972623,42.573166330032294,114.25875935800178,30.0,0.0,72.5731663300323,1.0
7.5600000000000005,138.20033806736998,-20.71591912327292,-18.539142489479097,0.13954440130401394,0.6278971136951541,38.69701300574262,113.75390322976834,30.0,0.0,68.69701300574262,1.0
7.58,138.79390805502263,-20.628313930744014,-18.57498000314925,0.1465324767219309,0.42159720656557487,2.795230167166782,113.12818701911397,30.0,27.204769832833218,32.79523016716678,1.0
7.6000000000000005,139.38562174867351,-20.528941375448113,-18.608690473922536,0.16638759894595573,0.4367392540401663,7.942048889609934,112.5860205334405,30.0,22.057951110390064,37.942048889609936,1.0
7.62,139.9716904805164,-20.40039783591351,-18.64220461932693,0.21591291180501804,0.5034501660642974,19.810125143624923,111.91251186715103,30.0,10.189874856375077,49.81012514362492,1.0
7.640000000000001,140.54700926897797,-20.230079628891723,-18.67723383800498,0.2878211500455724,0.566775153109952,28.763295296221735,111.12833256030851,30.0,1.2367047037782655,58.763295296221735,1.0
7.66,141.11796425888738,-20.045660542304837,-18.716010834550907,0.31242289635724413,0.45873424417890696,9.8406985246687,110.42022529996072,30.0,20.1593014753313,39.840698524668696,1.0
7.68,141.68849898537806,-19.859945368266143,-18.760631738003077,0.31469376551394634,0.3911344444947001,0.9083476626808888,109.9435914440292,30.0,29.09165233731911,30.90834766268089,1.0
7.7,142.26563398087404,-19.695886851346582,-18.813626140165706,0.2769580184707694,0.2663925070937683,-15.094298817270777,109.53293159080329,30.0,45.094298817270776,14.905701182729223,1.0
7.72,142.84685009548275,-19.54693105884707,-18.876874623298562,0.25088324961785413,0.25769631621162964,-10.429907541166111,108.83369327470162,30.0,40.42990754116611,19.57009245883389,1.0
7.74,143.4326144312979,-19.417007454806004,-18.95254646176925,0.21826830508843545,0.20945419872575616,-13.045977811767475,108.33693368471194,30.0,43.04597781176747,16.954022188232525,1.0
7.76,144.02504923296758,-19.3220284793923,-19.043166125678678,0.15896697604559148,0.10686288077788621,-23.720531617137578,107.7080486999648,30.0,53.72053161713758,6.279468382862422,1.0
7.78,144.62022335534283,-19.24608268257091,-19.150358162670816,0.1269167802022777,0.1337494784344832,-12.820078337325512,106.96253374197278,30.0,42.82007833732551,17.179921662674488,1.0
7.8,145.21777925616942,-19.191981431316282,-19.276121171058094,0.09029138602981054,0.0936385291932348,-14.650157668986866,106.51408892876728,30.0,44.650157668986864,15.349842331013134,1.0
7.82,145.87313583095488,-19.18649665993602,-19.437075923823997,0.008368945305401929,-0.07198852960038975,-35.537952579526895,105.91817315264707,30.0,65.53795257952689,0.0,1.0
7.84,146.4722993226724,-19.218168574826915,-19.60717472043273,-0.052811069820778316,-0.05339551925378342,-24.472006050472096,105.36684954087036,30.0,54.472006050472096,5.527993949527904,1.0
7.86,147.06821428584013,-19.288063901371675,-19.799770138465604,-0.11675730798742537,-0.09741004632152338,-25.578495266658816,104.6759563581129,30.0,55.57849526665882,4.421504733341184,1.0
7.88,147.658792935554,-19.3939735728004,-20.01519086929499,-0.177445861402531,-0.1250076326756292,-24.275421366042245,103.97424486961074,30.0,54.275421366042245,5.724578633957755,1.0
7.9,148.2439664242197,-19.52653294879025,-20.254126419151774,-0.22277028195160328,-0.1172323291821612,-18.129768219628914,103.40874302153482,30.0,48.129768219628914,11.870231780371086,1.0
7.92,148.82216125334298,-19.68681625913506,-20.51637873094324,-0.27042275372159363,-0.14615654542872067,-19.060988707996145,102.7699221698266,30.0,49.060988707996145,10.939011292003855,1.0
7.94,149.39875441160225,-19.85276905317181,-20.804942880572487,-0.28024176500821407,-0.06982918760613738,-3.927604514648182,102.17305774415459,30.0,33.92760451464818,26.07239548535182,1.0
7.96,149.97297764657472,-20.02674513318791,-21.12018567159516,-0.294185181240858,-0.08285185862347096,-5.577366493057578,101.61122623959736,30.0,35.57736649305758,24.42263350694242,1.0
7.98,150.54508752757002,-20.2075496797777,-21.462848163406907,-0.30609862195831683,-0.08173220876809724,-4.765376286983528,100.96545701802891,30.0,34.765376286983525,25.23462371301647,1.0
8.0,151.11591924989068,-20.39234996330678,-21.834000222175433,-0.3130906163857786,-0.07177331486969811,-2.796797770984706,100.48896202713166,30.0,32.7967977709847,27.203202229015293,1.0
8.02,151.67808737974906,-20.602033042670726,-22.228784343331988,-0.3570072972630539,-0.16871838433812517,-17.566672350910125,99.96415102236872,30.0,47.566672350910125,12.433327649089875,1.0
8.040000000000001,152.2259561574328,-20.846654796485343,-22.64204338216371,-0.41993699493731856,-0.23752882737709594,-25.171879069705856,99.31286491772896,30.0,55.17187906970585,4.828120930294144,1.0
8.06,152.84758314489883,-21.19348351602379,-23.145619752856316,-0.5089164757393178,-0.3699766504920466,-41.18358464159934,98.93544144396091,30.0,71.18358464159934,0.0,1.0
8.08,153.3558958214395,-21.530257593577666,-23.5851676801973,-0.5851355838713372,-0.3496012380169304,-30.9752865056156,98.17745255489177,30.0,60.9752865056156,0.0,1.0
8.1,153.83691791235785,-21.888890759986666,-24.02434751087906,-0.6406565692508879,-0.32308370875535297,-22.20839415182027,97.63736740582993,30.0,52.20839415182027,7.7916058481797315,1.0
8.120000000000001,154.29253341547178,-22.279293773963555,-24.461290213991543,-0.7084686503035448,-0.3732629724955513,-27.124832421062756,97.350870462653,30.0,57.124832421062756,2.875167578937244,1.0
8.14,154.75276677186562,-22.743989374167626,-24.92343895736406,-0.7902225438639736,-0.45069186666396094,-35.403114848343094,96.90445149339499,30.0,65.4031148483431,0.0,1.0
8.16,155.2088014049731,-23.29524787321997,-25.401997935852197,-0.8796524674923125,-0.5233531184285416,-41.543938902671115,96.46770220716476,30.0,71.54393890267112,0.0,1.0
8.18,155.575970729948,-23.769786266606065,-25.802214120777652,-0.9122739465310695,-0.3752721177855228,-13.048591615502815,95.9353329036357,30.0,43.048591615502815,16.951408384497185,1.0
8.2,155.91842942845287,-24.262454552391098,-26.187459286691926,-0.9633597231460462,-0.4236834984741447,-20.434310645990678,95.51794786625473,30.0,50.43431064599068,9.565689354009322,1.0
8.22,156.23940052014225,-24.769384092169282,-26.558981680223596,-1.0063456069795371,-0.41191895119391847,-17.19435353339636,95.19598064632149,30.0,47.19435353339636,12.80564646660364,1.0
8.24,156.55866271357692,-25.277391623455266,-26.938514371365606,-1.0097130997798784,-0.31296986515916936,-1.3469971201364963,95.01719863249728,30.0,31.346997120136496,28.653002879863504,1.0
8.26,156.87165999632717,-25.78928292147758,-27.32022006577705,-1.021998302408373,-0.32068288718754123,-4.91408105139778,94.90673527501552,30.0,34.91408105139778,25.08591894860222,1.0
8.28,157.17857538342636,-26.304843727941527,-27.70370166932357,-1.0338369556963947,-0.3092776207881487,-4.735461315208659,94.59592609873712,30.0,34.73546131520866,25.26453868479134,1.0
8.3,157.47325009733868,-26.82749735414218,-28.080394637045302,-1.0574161040294516,-0.3301206662391197,-9.431659333222788,94.31910826336504,30.0,39.43165933322279,20.56834066677721,1.0
8.32,157.75773454154856,-27.355766793919457,-28.451905447663627,-1.0768084852236262,-0.31577654646614145,-7.756952477669835,93.95902325927733,30.0,37.756952477669834,22.243047522330166,1.0
8.34,158.04863201181473,-27.880532133659745,-28.839692116108708,-1.064628551760096,-0.22777702873065264,4.871973385412112,93.84314330642165,30.0,25.12802661458789,34.87197338541211,1.0
8.36,158.35912721573288,-28.393944958142956,-29.262333327615945,-1.0268789496434552,-0.13972642171867827,15.099840846656347,93.63807927166741,30.0,14.900159153343653,45.09984084665635,1.0
8.38,158.67496910046364,-28.904086020840055,-29.701398059658644,-1.016431757268498,-0.17828408168558246,4.178876949982847,93.31724191785469,30.0,25.821123050017153,34.17887694998285,1.0
8.4,158.99799423991186,-29.40970916042571,-30.15986902442497,-1.0022884453461054,-0.1513941277474406,5.657324768957024,93.17860607465657,30.0,24.342675231042975,35.657324768957025,1.0
8.42,159.34565952235448,-29.89871718835991,-30.66380270910616,-0.952752285550803,-0.040583629567962076,19.814463918120946,93.156264388613,30.0,10.185536081879054,49.81446391812095,1.0
8.44,159.74167917212407,-30.373383090389968,-31.25084897227103,-0.8754805166162455,0.07312025609032109,31.81741514764606,92.98979317519672,30.0,0.0,61.81741514764606,1.0
8.46,160.15554241953586,-30.807799034436403,-31.878865800785327,-0.8096221177005506,0.08572350259093722,26.343359566277943,92.78915064933169,30.0,3.656640433722057,56.34335956627794,1.0
8.48,160.57620411794093,-31.235635142654203,-32.53204310378013,-0.7938533871915257,-0.00665918773411607,6.307492203609961,92.52003039819061,30.0,23.69250779639004,36.30749220360996,1.0
8.5,160.98880776333436,-31.671247621593977,-33.186858796520575,-0.8125176579036985,-0.0856872383507867,-7.46570828486913,92.45069493720393,30.0,37.46570828486913,22.53429171513087,1.0
8.52,161.3946158800429,-32.1131975875556,-33.8441617321655,-0.828004630711813,-0.0843696313003227,-6.19478912324578,92.31998167848573,30.0,36.19478912324578,23.80521087675422,1.0
8.540000000000001,161.79785497458337,-32.557492796436094,-34.509931726425236,-0.8338021572773079,-0.06399213524925228,-2.3190106261979815,92.1607765730135,30.0,32.31901062619798,27.680989373802017,1.0
8.56,162.1685675138864,-33.02926839267176,-35.1327379193754,-0.9047855276566761,-0.2344633624953113,-28.393348151747254,91.85339536582009,30.0,58.393348151747254,1.6066518482527457,1.0
8.58,162.52755405888286,-33.57160569075977,-35.74531166360465,-0.9860836945703878,-0.3109169528857011,-35.03853353096941,91.73495060623696,30.0,65.0385335309694,0.0,1.0
8.6,162.8376943674898,-34.13327583086876,-36.281778533683365,-1.066284648947587,-0.344733206923541,-34.160763501759455,91.40930577705873,30.0,64.16076350175945,0.0,1.0
8.620000000000001,163.0993934512991,-34.6731958152492,-36.73950649466747,-1.1194636641986644,-0.29659381732348705,-21.271606100430915,90.99890804859209,30.0,51.271606100430915,8.728393899569085,1.0
8.64,163.3357021336303,-35.22470121563518,-37.156677677943655,-1.1659823231229556,-0.29697171751477974,-18.607463569716515,90.83412350430869,30.0,48.607463569716515,11.392536430283485,1.0
8.66,163.5888575423693,-35.76867946798189,-37.60752466359089,-1.1352280558054757,-0.10806713122217279,12.301706926991937,90.72557034123116,30.0,17.698293073008063,42.30170692699194,1.0
8.68,163.8512009258953,-36.30828668542818,-38.078893771424184,-1.118269994156582,-0.11756261678706137,6.783224659557547,90.46971784277338,30.0,23.216775340442453,36.78322465955755,1.0
8.700000000000001,164.12654956459494,-36.84137497752083,-38.57802351001148,-1.0940233782169115,-0.08034843844426923,9.698646375868185,90.35631944135085,30.0,20.301353624131814,39.69864637586819,1.0
8.72,164.49348245845067,-37.423088532816806,-39.24986426012069,-1.0080518704904746,0.130832220288344,38.77720618114952,90.2320346496215,30.0,0.0,68.77720618114952,1.0
8.74,164.9681666358271,-38.035249954877806,-40.12969838061268,-0.9112219071759695,0.24434384059975767,47.46397065160411,90.09446773287074,30.0,0.0,77.46397065160411,1.0
8.76,165.35670692809782,-38.49245498687348,-40.858238089184084,-0.866408914914384,0.11551252848410566,17.92519690463419,90.08838784489615,30.0,12.074803095365809,47.92519690463419,1.0
8.78,165.76589751475115,-38.93127506822154,-41.633014000345874,-0.8203239578127388,0.14221159589604765,18.433982840658093,89.95252796344565,30.0,11.566017159341907,48.43398284065809,1.0
8.8,166.16856240163855,-39.37609074787767,-42.40234353090392,-0.8350938017294309,0.005576856759561392,-5.9079375666768374,89.67763305150972,30.0,35.907937566676836,24.092062433323164,1.0
8.82,166.5544290756442,-39.83555446776402,-43.14542241798934,-0.8722422340455853,-0.06253283613063465,-14.859372926461742,89.45015504018306,30.0,44.859372926461745,15.140627073538258,1.0
8.84,166.92621384396952,-40.30648555193802,-43.86625475671473,-0.9025107404249227,-0.06488347769291421,-12.107402551734982,89.26391901716372,30.0,42.10740255173498,17.89259744826502,1.0
8.86,167.28853052173125,-40.78473927645641,-44.572828928426176,-0.9224600199972837,-0.05359253133963401,-7.979711828944376,88.95171004240359,30.0,37.979711828944374,22.020288171055626,1.0
8.88,167.6335919779139,-41.27558812432824,-45.24906335107275,-0.9580669803705667,-0.10419386264851377,-14.242784149313199,88.87268833018896,30.0,44.242784149313195,15.757215850686801,1.0
8.9,167.974995589986,-41.86091484713644,-45.92088028537698,-1.0427690131429264,-0.2751818523842848,-37.7616262178877,88.59189773329554,30.0,67.76162621788771,0.0,1.0
8.92,168.39055141327893,-42.86588649096683,-46.741694345802046,-1.1787064210265616,-0.5894835799828861,-78.7499263069083,88.45116690374682,30.0,108.7499263069083,0.0,1.0
8.94,168.61798278314845,-43.617102099829225,-47.192095358160834,-1.2768174804661727,-0.4869315836315253,-48.48884755168888,88.38673308073807,30.0,78.48884755168888,0.0,1.0
8.96,168.76310412952202,-44.199287461055974,-47.47984810127525,-1.326504838183475,-0.3513436647329244,-19.87494308692094,88.3692945614504,30.0,49.874943086920936,10.12505691307906,1.0
8.98,168.8797247581607,-44.787844704640584,-47.71126278174104,-1.3751834963715928,-0.3611454296010508,-19.471463275247082,88.45914339578627,30.0,49.47146327524708,10.528536724752918,1.0
9.0,168.9528869262982,-45.40605404818675,-47.856512015895824,-1.4529989325907282,-0.45604021171149145,-32.2523489753084,88.50382276667138,30.0,62.2523489753084,0.0,1.0
9.02,169.04666452969107,-45.99868020446226,-48.042760861154555,-1.413856877858694,-0.16926973905224285,15.656821892813676,88.77572837622343,30.0,14.343178107186324,45.656821892813674,1.0
9.040000000000001,169.14897474863616,-46.589893041856214,-48.24603798319192,-1.3994419652765437,-0.1984365902372978,5.76596503286011,88.8781250300039,30.0,24.23403496713989,35.76596503286011,1.0
9.06,169.26577929661184,-47.178413812579045,-48.47820316052753,-1.3748709948495736,-0.15082106537365578,9.828388170788074,89.03848866295877,30.0,20.171611829211926,39.828388170788074,1.0
9.08,169.40100272250297,-47.76297743194846,-48.74707548202289,-1.3434710977924893,-0.10791939333888155,12.55995882283375,89.10232461944244,30.0,17.44004117716625,42.55995882283375,1.0
9.1,169.55470586682415,-48.34295617589152,-49.05278507248755,-1.3117364557647773,-0.0799405114938347,12.693856811084853,89.19204328500483,30.0,17.306143188915147,42.693856811084856,1.0
9.120000000000001,169.72075920496113,-48.91952038644709,-49.383124850431706,-1.2903801812507716,-0.08135170648335038,8.542509805602297,89.32498388499276,30.0,21.457490194397703,38.54250980560229,1.0
9.14,169.92249944254246,-49.48458752983859,-49.78447862842961,-1.2278814031825793,0.04542845385540075,24.999511227276866,89.34892427564449,30.0,5.000488772723134,54.99951122727687,1.0
9.16,170.15604396184986,-50.03726913573975,-50.24901799101021,-1.1709890062916282,0.06966614586225452,22.756958756380502,89.28925928208318,30.0,7.243041243619498,52.7569587563805,1.0
9.18,170.40887233579167,-50.58139946326243,-50.7516485250822,-1.1358291627049326,0.046656307715471135,14.063937434678241,89.38450557828796,30.0,15.936062565321759,44.06393743467824,1.0
9.200000000000001,170.70750811160946,-51.11371101034084,-51.34474382199664,-1.0595342056968562,0.1787080289646225,31.035965606461055,89.50807506859604,30.0,0.0,61.035965606461055,1.0
9.22,170.97660034354607,-51.64998460722156,-51.87836784080974,-1.1057244411488367,-0.10404001210571708,-18.47609418079224,89.50998742426007,30.0,48.476094180792245,11.523905819207759,1.0
9.24,171.2310392724287,-52.19336369355914,-52.382028601870886,-1.1328672503888815,-0.07807201927468477,-10.857123696017892,89.57374612961932,30.0,40.857123696017894,19.142876303982106,1.0
9.26,171.47855077873223,-52.739933043456624,-52.870948395607535,-1.1455785476805243,-0.05316730411178894,-5.0845189166570695,89.75502481276402,30.0,35.08451891665707,24.915481083342932,1.0
9.28,171.71418574288066,-53.291726631377664,-53.33530397950819,-1.1672036024065797,-0.08133066865353143,-8.650021890422178,89.85699436542231,30.0,38.65002189042218,21.349978109577822,1.0
9.3,171.93219042668466,-53.85072033245088,-53.763823426878425,-1.1989446932345469,-0.11690632590848507,-12.696436331186844,90.00850548417772,30.0,42.696436331186845,17.303563668813155,1.0
9.32,172.13757127923455,-54.41447445031245,-54.16645713239614,-1.2214311307242267,-0.10639825239649194,-8.99457499587191,90.12264772353788,30.0,38.99457499587191,21.005425004128092,1.0
9.34,172.32625532567585,-54.9840342194487,-54.53535341917906,-1.2508944566839184,-0.13291690618885393,-11.785330383876712,90.13550128640362,30.0,41.78533038387671,18.214669616123288,1.0
9.36,172.50578547490778,-55.55654528966198,-54.88538630141154,-1.2669244626640013,-0.10907931913174866,-6.412002392033147,90.29954852257418,30.0,36.412002392033145,23.587997607966855,1.0
9.38,172.68428662359645,-56.129378022592654,-55.23241070460671,-1.268721303514018,-0.0756798531055861,-0.7187363400066578,90.42606223583721,30.0,30.718736340006657,29.281263659993343,1.0
9.4,172.8729237070708,-56.69895334749559,-55.59798093856837,-1.2509769104106772,-0.02092380084025603,7.097757241336296,90.5079261039598,30.0,22.902242758663704,37.097757241336296,1.0
9.42,173.05632750707778,-57.270235279769835,-55.9521941541975,-1.260151146238642,-0.07807936601911675,-3.6696943311859944,90.69414965914972,30.0,33.669694331185994,26.330305668814006,1.0
9.44,173.26716078607078,-57.83197305531023,-56.35780866847359,-1.2117422403443079,0.07159391221342007,19.363562357733677,90.77479008161752,30.0,10.636437642266323,49.36356235773368,1.0
9.46,173.49882441849883,-58.38544569366757,-56.801432452121674,-1.1743897708348192,0.07089111002883774,14.94098780379547,90.78267346892068,30.0,15.05901219620453,44.94098780379547,1.0
9.48,173.73738597527736,-58.935980328025295,-57.255857442967475,-1.1618937759957408,0.026853647563260218,4.998397935631349,90.80371646511786,30.0,25.00160206436865,34.998397935631345,1.0
9.5,173.96085824234416,-59.49281077425828,-57.67918496568228,-1.1891446911158694,-0.06999181206781241,-10.900366048051412,91.01010441725826,30.0,40.90036604805141,19.09963395194859,1.0
9.52,174.17090355585285,-60.05484366143931,-58.07488321961609,-1.2131446000629047,-0.07487046068033804,-9.599963578814098,91.21945773211367,30.0,39.5999635788141,20.400036421185902,1.0
9.540000000000001,174.39641959736682,-60.610849520239256,-58.49723491486689,-1.185471604355282,0.049442781873179444,11.069198283049104,91.50972931630844,30.0,18.930801716950896,41.069198283049104,1.0
9.56,174.6880523653795,-61.19013276673417,-59.039376224020074,-1.104402695486766,0.2210567586826314,34.85512709481273,91.54991159689042,30.0,0.0,64.85512709481273,1.0
9.58,174.97758461538768,-61.715652581969714,-59.57285163028354,-1.0672282638147192,0.13549786281632076,14.86977266881871,91.61225748065308,30.0,15.13022733118129,44.86977266881871,1.0
9.6,175.28097779343534,-62.233293943835385,-60.126474414962225,-1.040654973534965,0.12506517694074112,10.629316111901652,91.64210456604695,30.0,19.37068388809835,40.62931611190165,1.0
9.620000000000001,175.5704959122985,-62.758821544299856,-60.649347317068575,-1.0672551534579817,-0.00320190385489986,-10.640071969206662,91.7038859424519,30.0,40.64007196920666,19.359928030793338,1.0
9.64,175.9577672749927,-63.336612311728274,-61.339989727122166,-0.9803085750958432,0.30870065647220396,39.55726268971078,91.89061761953613,30.0,0.0,69.55726268971078,1.0
9.66,176.30437064708173,-63.82637358261086,-61.949108123848674,-0.9549221736709835,0.16429507858804637,10.154560569943875,91.75795103567638,30.0,19.845439430056125,40.154560569943875,1.0
9.68,176.6334405005452,-64.3280836896862,-62.51911251764557,-0.9902871707269764,0.013213459484202885,-14.145998822397146,91.8123077419177,30.0,44.14599882239715,15.854001177602854,1.0
9.700000000000001,176.97226197541346,-64.82326043405945,-63.09714220775724,-0.9707236458042006,0.13368363622747254,7.825409969110318,92.14942551467792,30.0,22.174590030889682,37.82540996911032,1.0
9.72,177.32010739600264,-65.31214034096413,-63.68077211311157,-0.9523838626710093,0.13636341676742056,7.335913253276493,92.17269800509142,30.0,22.664086746723505,37.335913253276495,1.0
9.74,177.65736461026316,-65.80838380079936,-64.23674155978902,-0.9738792387667974,0.03698797063501103,-8.598150438315221,92.20627497666312,30.0,38.59815043831522,21.401849561684777,1.0
9.76,178.0085426816309,-66.2948752829349,-64.80486708637369,-0.9455502855391746,0.15184153650575202,11.331581291049108,92.2081144209939,30.0,18.66841870895089,41.331581291049105,1.0
9.78,178.35109036366538,-66.78748170345011,-65.34799984456487,-0.9631790963039963,0.042107224034351055,-7.05152430592867,92.17300028668674,30.0,37.051524305928666,22.94847569407133,1.0
9.8,178.6848401249777,-67.28609086584483,-65.86631185049123,-0.9809304106440112,0.028419440894462487,-7.1005257360059675,92.22363395478027,30.0,37.10052573600597,22.899474263994033,1.0
9.82,179.0057691254358,-67.79304705395676,-66.35424449726176,-1.0064286365165678,-0.004550548479270925,-10.199290349022597,92.46380513060176,30.0,40.1992903490226,19.800709650977403,1.0
9.84,179.31946272046744,-68.30451193880822,-66.82094152342769,-1.0206374620956915,0.009091104952995902,-5.683530231649515,92.39418754332173,30.0,35.68353023164951,24.316469768350487,1.0
9.86,179.66738363853472,-68.79333811933789,-67.32636208912561,-0.9522294246882537,0.21613020067630714,27.36321496297514,92.31794010339561,30.0,2.636785037024861,57.363214962975135,1.0
9.88,180.02281116071387,-69.27673368869861,-67.82904001268935,-0.9367875670070034,0.11069305257037841,6.176743072500125,92.21342611434997,30.0,23.823256927499877,36.17674307250012,1.0
9.9,180.38960863092205,-69.75155956820487,-68.33290049274355,-0.9130573228563788,0.13684856121891711,9.492097660249865,92.40738812298042,30.0,20.507902339750135,39.49209766024987,1.0
9.92,180.7711248192871,-70.21464206411181,-68.84045215826744,-0.8816736388199204,0.165307088800313,12.553473614583318,92.51473159627277,30.0,17.446526385416682,42.55347361458332,1.0
9.94,181.17052526209838,-70.66239119731273,-69.35321890359539,-0.842408518764549,0.19778368065015198,15.70604802214855,92.55235627191772,30.0,14.29395197785145,45.70604802214855,1.0
9.96,181.58133641805065,-71.09969451784112,-69.86025095727993,-0.8166245532601707,0.17766913905751877,10.31358620175132,92.27871690719067,30.0,19.68641379824868,40.31358620175132,1.0
9.98,182.0094864847178,-71.52003666468453,-70.36607931474451,-0.7761963117810915,0.22349206048446893,16.171296591631673,92.39834957950214,30.0,13.828703408368327,46.17129659163167,1.0
10.0,182.45668952545753,-71.92004846495189,-70.86912528615791,-0.7297540427383093,0.25374575035974584,18.57690761711288,92.49599734568568,30.0,11.42309238288712,48.57690761711288,1.0
10.02,182.91688092379664,-72.30504700637081,-71.35910481630546,-0.6966661408167337,0.23553034606852202,13.235160768630237,92.55136777359866,30.0,16.764839231369763,43.23516076863024,1.0
10.040000000000001,183.38725673432316,-72.67753404892603,-71.8301991797373,-0.6697777120593974,0.2283180957092639,10.755371502934507,92.4103953715065,30.0,19.24462849706549,40.75537150293451,1.0
10.06,183.87051890946242,-73.03314292125583,-72.28216662983921,-0.6343839704548137,0.2559487566037316,14.1574966418335,92.3203869625753,30.0,15.8425033581665,44.157496641833504,1.0
10.08,184.3608071071727,-73.37900052661678,-72.70680036206112,-0.6143522573257639,0.2251069879922267,8.012685251619871,92.10273659825684,30.0,21.98731474838013,38.01268525161987,1.0
10.1,184.85553079226932,-73.71848318509052,-73.09995756186082,-0.6014085396032978,0.20758829837604761,5.177487088986464,91.98513997143654,30.0,24.822512911013536,35.17748708898647,1.0
10.120000000000001,185.34920616109036,-74.05948850795133,-73.45626135992265,-0.6044896092916494,0.1630012277408045,-1.2324278753406421,91.83377074975513,30.0,31.23242787534064,28.76757212465936,1.0
10.14,185.86071604502445,-74.3731087219646,-73.78684031909242,-0.5500153987595174,0.3030712344742966,21.789684212852798,91.90030447674249,30.0,8.210315787147202,51.7896842128528,1.0
10.16,186.38800181928124,-74.65941225366899,-74.08586727760964,-0.4974345313691649,0.31734355307935525,21.03234695614102,91.88604873133909,30.0,8.96765304385898,51.03234695614102,1.0
10.18,186.91149381187947,-74.9525950186562,-74.34024387368382,-0.5105279469697493,0.1625676249969753,-5.2373662402338015,91.87492316310772,30.0,35.237366240233804,24.7626337597662,1.0
10.200000000000001,187.43155385791587,-75.25182327353302,-74.55052721538912,-0.5221141871116466,0.14933291840762528,-4.634496056758908,91.67704336167505,30.0,34.634496056758906,25.36550394324109,1.0
10.22,187.9470215902773,-75.55889495391754,-74.71681497967185,-0.5372625504543601,0.12454562613466712,-6.059345337085407,91.46323292995874,30.0,36.059345337085404,23.940654662914593,1.0
10.24,188.465021671366,-75.86167526370023,-74.84132064737936,-0.5289578004046692,0.16954334657531342,3.321900019876346,91.36297374520397,30.0,26.678099980123655,33.321900019876345,1.0
10.26,188.98669227456057,-76.15808677117357,-74.9232828792696,-0.5167063774421242,0.1763064662709434,4.900569185017985,91.21621660650915,30.0,25.099430814982014,34.900569185017986,1.0
10.28,189.52488699696224,-76.42331580574368,-74.96196602495401,-0.45788101617056,0.2968902799579028,23.53014450862569,91.01029447835059,30.0,6.469855491374311,53.53014450862569,1.0
10.3,190.05903634178392,-76.6966004145795,-74.95416887595611,-0.4729049678789731,0.125914630050251,-6.009580683365248,91.01067593920881,30.0,36.00958068336525,23.990419316634753,1.0
10.32,190.60461740210184,-76.94628282609936,-74.89866232007753,-0.4291932431839414,0.26328812092037723,17.48468987801269,91.05060755635556,30.0,12.515310121987309,47.48468987801269,1.0
10.34,191.29833984778836,-77.18957254239724,-74.75878883834399,-0.3372999016724374,0.44805014684181055,43.514673209203195,90.8850338995471,30.0,0.0,73.5146732092032,1.0
10.36,192.02501205316628,-77.37025379879766,-74.52942027235085,-0.2437001712305124,0.5036477544580381,44.879784353539996,90.60203437105639,30.0,0.0,74.87978435354,1.0
10.38,193.0580179569777,-77.48825169630477,-74.05877867279133,-0.11373474907875825,0.739879042114577,73.97233772140333,90.2315669092026,30.0,0.0,103.97233772140333,1.0
10.4,194.07620384554207,-77.47445425791524,-73.43136664398824,0.013550172024556245,0.8060625677471305,71.82793688265158,89.9732082094734,30.0,0.0,101.82793688265158,1.0
10.42,195.01155721790366,-77.35075338558781,-72.71521838547677,0.13148737969528204,0.830117537358588,64.34976613658064,89.57814548688927,30.0,0.0,94.34976613658064,1.0
10.44,195.85243233960904,-77.1452533576461,-71.96032217667582,0.23969011416476382,0.8385521514144306,56.56218757558541,89.1143464739193,30.0,0.0,86.56218757558541,1.0
10.46,196.72936780625574,-76.81850299090176,-71.06462861446579,0.3566691196816723,0.930694688038649,63.58320441352677,88.44889098038541,30.0,0.0,93.58320441352677,1.0
10.48,197.52033630913047,-76.41928185563816,-70.16521150667566,0.467420014668253,0.950598314406863,58.60071598926453,87.78361253993388,30.0,0.0,88.60071598926453,1.0
10.5,198.0941210041,-76.06619957321288,-69.46043907460404,0.5516347675273805,0.8548690029609918,37.371802287301996,87.19223108492787,30.0,0.0,67.37180228730199,1.0
10.52,198.63689072953588,-75.66547475375766,-68.75470960877044,0.6359684940786128,0.869305488782596,37.46698124098581,86.31638362118815,30.0,0.0,67.4669812409858,1.0
10.540000000000001,199.14812006346375,-75.21614413369959,-68.05642764401456,0.721046898909659,0.886353010888148,38.062723864836954,85.6939065771774,30.0,0.0,68.06272386483695,1.0
10.56,199.59328671860038,-74.75686625480046,-67.42274630223852,0.8009989862115658,0.8726623352848784,33.96166984152542,84.8960584834738,30.0,0.0,63.96166984152542,1.0
10.58,199.98047916166416,-74.29851921157415,-66.85281098614786,0.8693532547716273,0.8365167634620776,27.341707424024577,84.48756351899888,30.0,2.6582925759754232,57.34170742402458,1.0
10.6,200.37752358545004,-73.73701458431292,-66.2508027274519,0.95531579393252,0.909681473482147,38.77003132871418,83.943503133645,30.0,0.0,68.77003132871418,1.0
10.620000000000001,200.75779760297922,-73.27291150137529,-65.6580711388703,0.8843530810395469,0.48303689539043543,-28.385085157189213,83.44914157528757,30.0,58.38508515718921,1.6149148428107871,3.5
10.64,201.10568796011634,-72.78406357061256,-65.10242430888145,0.9522919423100081,0.7735675085624656,27.17554450818447,82.85813620813933,30.0,2.824455491815531,57.17554450818447,3.5
10.66,201.6720911882435,-72.14505936975094,-64.17148111054865,0.8455548979006505,0.23463156875308105,-55.38963552748612,82.25592354522956,30.0,85.38963552748612,0.0,3.5
10.68,202.221418002641,-71.63169362291532,-63.23898200786689,0.7515714935278409,0.1978723213210064,-45.18672349824768,81.41278445247654,30.0,75.18672349824769,0.0,3.5
10.700000000000001,202.65246058399995,-71.21431814081869,-62.48796412513562,0.7692906359376933,0.4552601624151206,7.08765696394094,80.91567449120123,30.0,22.91234303605906,37.087656963940944,3.5
10.72,203.07946533055065,-70.72806667624592,-61.72813903446919,0.8501815289255614,0.6224882844418737,34.71271439029454,80.26032494220163,30.0,0.0,64.71271439029454,3.5
10.74,203.5163269405579,-70.12589587603543,-60.93532585402056,0.9431749543420462,0.7081380010640304,44.39474033318785,79.4843231286051,30.0,0.0,74.39474033318785,3.5
10.76,203.85911853553796,-69.63345915684096,-60.30287285730391,0.9626838632917993,0.5019358761788255,7.803563579901244,78.77300811177784,30.0,22.196436420098756,37.803563579901244,3.5
10.78,204.9305570903579,-68.58368802785839,-58.27250455160989,0.7751838632917993,-0.5725550405192463,-120.0,78.20162675523795,30.0,150.0,0.0,3.5
10.8,205.36643841732138,-68.1713684081402,-57.42556608992442,0.7576268555030754,0.16976038569779517,-7.022803115489582,77.13624999235353,30.0,37.02280311548958,22.97719688451042,3.5
10.82,205.81894938427143,-67.77737116856875,-56.534993741955454,0.7163843029045873,0.08691973687041177,-16.49702103939523,76.15137609153155,30.0,46.49702103939523,13.502978960604771,3.5
10.84,206.35410579961493,-67.21092749573153,-55.46832820001244,0.8137921779215608,0.4769313899211874,47.926300013578796,75.44288335956428,30.0,0.0,77.9263000135788,3.5
10.86,206.79722774144813,-66.64875937922163,-54.57527874437018,0.9032689596999139,0.4873749870053958,41.58142542268253,74.64475868286948,30.0,0.0,71.58142542268253,3.5
10.88,207.1323090939286,-66.15104411200566,-53.89472403801737,0.9782574050733096,0.4525340934866149,29.995378149358274,73.73285936972013,30.0,0.004621850641726155,59.995378149358274,3.5
10.9,207.4994251906848,-65.47283224662866,-53.14449506034642,1.0746570908575874,0.5886068697051284,47.119748627422254,72.91348555653308,30.0,0.0,77.11974862742225,3.5
10.92,207.80795075964173,-64.95823339966162,-52.51068199980068,1.0307108760812334,0.20948915556417458,-17.578485910541612,72.39848038773745,30.0,47.578485910541616,12.421514089458388,3.5
10.94,208.14953096862638,-64.46495562717435,-51.8058693355135,0.9651417461692405,0.11251576635035242,-26.227651964797133,71.92143175125739,30.0,56.22765196479713,3.7723480352028673,3.5
10.96,208.55812790393864,-63.715079269455074,-50.959135834425,1.071888087398468,0.5977336251599893,55.397072983381875,71.31724253466868,30.0,0.0,85.39707298338188,3.5
10.98,209.00361420140072,-62.38852147830297,-50.03232370192678,1.2468083198658717,1.0121786586881014,109.93618597392295,70.62925509238481,30.0,0.0,139.93618597392293,3.5
11.0,209.20446771589968,-61.362271921381605,-49.613483904241065,1.377523318011161,0.9042469567586738,74.57199851623145,69.66104369922844,30.0,0.0,104.57199851623145,3.5
11.02,209.30929060234786,-60.771499408076636,-49.39470287806347,1.395190366529262,0.5340377472699748,7.066819407240363,68.7224210001685,30.0,22.933180592759637,37.06681940724036,3.5
11.040000000000001,209.3667470126405,-59.88811805650777,-49.27473287632372,1.5058463545184573,0.8527202385562402,58.52479039135619,68.0834314845393,30.0,0.0,88.52479039135619,3.5
11.06,209.35558710768169,-59.23245918418945,-49.29803756948195,1.5878155846760698,0.7507610255580796,35.57538412608991,67.20419883976152,30.0,0.0,65.57538412608992,3.5
11.08,209.36246709626482,-58.63249863068856,-49.283670565956115,1.559329427861316,0.4596699105484362,-11.39446272590158,66.51124279285433,30.0,41.394462725901576,18.60553727409842,3.5
11.1,209.4000013095502,-58.03367379583863,-49.20528231154718,1.5081984310551437,0.3560981897838068,-20.45239872246882,65.81225503718186,30.0,50.45239872246882,9.547601277531179,3.5
11.120000000000001,209.4260573797961,-57.43423982849666,-49.15085767970623,1.5273558817976138,0.486808327134818,7.662980296988065,65.19251681961339,30.0,22.337019703011933,37.66298029698807,3.5
11.14,209.41916022234062,-56.83427947212381,-49.165264735603806,1.5822918424018046,0.5658747609861522,21.97438424167629,64.59269787433459,30.0,8.02561575832371,51.97438424167629,3.5
11.16,209.46651748592464,-56.172498888476404,-49.066334344354665,1.499357733455788,0.1884799317862603,-36.34728715681343,64.13518431640718,30.0,66.34728715681342,0.0,3.5
11.18,209.64239653062316,-55.251345602908195,-48.69875788184477,1.3821335349435744,-0.06112787418623261,-63.77935880977092,63.56027506764348,30.0,93.77935880977091,0.0,3.5
11.200000000000001,209.77962293974554,-54.66724893912781,-48.4118164006004,1.3400432731305474,0.14515094643911064,-16.83610472521081,62.96130163237534,30.0,46.83610472521081,13.16389527478919,3.5
11.22,209.87896634657005,-54.07553035101307,-48.204026905386506,1.4044579887518724,0.3883386163615204,25.765886248529988,62.40005481116542,30.0,4.234113751470012,55.76588624852999,3.5
11.24,209.94421780554498,-53.47908903193663,-48.067523111331575,1.461828375325783,0.3903641955054645,22.94815462956425,61.9461154134956,30.0,7.05184537043575,52.94815462956425,3.5
11.26,209.98562055049572,-52.88051922589013,-47.980902697150114,1.501736871810768,0.36038004615930125,15.963398593993944,61.540853211687185,30.0,14.036601406006056,45.963398593993944,3.5
11.28,209.96833043944548,-52.141190097782804,-48.01707668019499,1.594178281262248,0.5495763208254173,43.95312756118396,60.94185796141303,30.0,0.0,73.95312756118396,3.5
11.3,209.88067685569618,-51.39630410686162,-48.20044878102726,1.6879314720591756,0.5976710187384476,45.00255263754204,60.468870529288644,30.0,0.0,75.00255263754204,3.5
11.32,209.81318731638484,-50.800111887788326,-48.341617267882484,1.6835174474272923,0.3317713569333813,-1.765609852753352,59.96237617356045,30.0,31.76560985275335,28.23439014724665,3.5
11.34,209.68694162330348,-50.158928020702874,-48.60562609796274,1.7652042278786229,0.5532540198475074,35.349424361064465,59.46571231316816,30.0,0.0,65.34942436106446,3.5
11.36,209.60463905670167,-49.5645995866441,-48.77768824770142,1.7084011197851228,0.2000265883165984,-22.721243237400056,59.06634860651193,30.0,52.72124323740006,7.278756762599944,3.5
11.38,209.50125989553538,-48.973572726817444,-48.993744185454055,1.74395902199112,0.3934238189141867,14.223160882398922,58.6092689361101,30.0,15.776839117601078,44.22316088239892,3.5
11.4,209.39855981029882,-48.38242748874781,-49.20829305811849,1.7428101607445563,0.2985400243276516,-0.45954449862549573,58.36436762850264,30.0,30.459544498625498,29.540455501374502,3.5
11.42,209.27526629986505,-47.795231856709464,-49.46572999449423,1.7777598590359918,0.37554588875589506,13.979879316574195,57.980901267219025,30.0,16.020120683425805,43.9798793165742,3.5
11.44,209.12608726114445,-47.2140730020007,-49.77699213140541,1.8220636972416138,0.4018551633816706,17.72153528224883,57.41957028639129,30.0,12.27846471775117,47.72153528224883,3.5
11.46,209.0129552086361,-46.53613721352156,-50.01285674911346,1.7361498782675264,0.0387745207055031,-38.731055179269866,57.05303438601376,30.0,68.73105517926987,0.0,3.5
11.48,208.9613651931963,-45.71990869801848,-50.120356503986194,1.6339177191261385,-0.11237385596736538,-51.78572731311034,56.65920664824511,30.0,81.78572731311034,0.0,3.5
11.5,208.98314955372686,-44.97984102131178,-50.07496837058127,1.5413691909377318,-0.14029249640627006,-44.038822550725286,56.35435880270716,30.0,74.03882255072529,0.0,3.5
11.52,209.04605011975715,-44.38113644813852,-49.94387618243205,1.4661192275713053,-0.11409599282571645,-30.199970693141182,55.95333278665852,30.0,60.19997069314118,0.0,3.5
11.540000000000001,209.10786246134776,-43.78432891264061,-49.81499967685019,1.4675926513165392,0.04425090776160239,0.589369498093566,55.50224600018525,30.0,29.410630501906432,30.589369498093568,3.5
11.56,209.18508532519357,-43.18931914020032,-49.653924125909064,1.441733547911435,-0.02895845285532967,-10.343641362041609,54.93607546962272,30.0,40.34364136204161,19.65635863795839,3.5
11.58,209.28973424238038,-42.598515785325255,-49.43552909282471,1.3954848364228933,-0.0978004978790108,-18.499484595416682,54.46736482462392,30.0,48.49948459541668,11.500515404583318,3.5
11.6,209.41139830492952,-42.01098037712926,-49.18147760995249,1.366606956100256,-0.07727809506796685,-11.551152129054927,54.17456610657325,30.0,41.55115212905493,18.448847870945073,3.5
11.620000000000001,209.53278627515567,-41.42338786468175,-48.927864854714784,1.367076849314539,-0.015165472133106827,0.18795728571318282,53.7450878134713,30.0,29.812042714286818,30.187957285713182,3.5
11.64,209.670191012936,-40.839333125778346,-48.64064860009309,1.3397379554189226,-0.08696379599811171,-10.93555755824657,53.28211162050802,30.0,40.93555755824657,19.064442441753428,3.5
11.66,209.8585260251031,-40.24849105324336,-48.24678402859039,1.2622213814365821,-0.2381251634899937,-32.0132591858723,52.98860059179897,30.0,62.0132591858723,0.0,3.5
11.68,210.17069754499295,-39.52455405416877,-47.593649322563465,1.1636744512729316,-0.38750996867415205,-48.83754413092049,52.56290598072541,30.0,78.83754413092049,0.0,3.5
11.700000000000001,210.43283893343298,-38.984848678554684,-47.04512708343137,1.118644297365745,-0.24417523451956386,-18.01206156287461,52.07102844536635,30.0,48.01206156287461,11.98793843712539,3.5
11.72,210.7150499830301,-38.45536126275966,-46.45479533822322,1.081106998819235,-0.24054345341078626,-15.014919418604022,51.44883097039278,30.0,45.01491941860402,14.985080581395978,3.5
11.74,211.09710073868368,-37.868657802596175,-45.656366159704376,0.9935905958867637,-0.41546557723918953,-40.013122345977024,50.92992197876787,30.0,70.01312234597702,0.0,3.5
11.76,211.76431760725023,-37.08575044229431,-44.26577863167252,0.8650092570558874,-0.6729547858690171,-72.86507106470104,50.37618609128883,30.0,102.86507106470104,0.0,3.5
11.78,212.4850900405578,-36.424040032371295,-42.772236949778275,0.7427024216469081,-0.7219344745608013,-67.84546832718337,49.84424792118539,30.0,97.84546832718337,0.0,3.5
11.8,213.13566149153232,-35.93842252697409,-41.43514411142165,0.6412237004805879,-0.6837401916198691,-51.18297693305624,49.061247486293695,30.0,81.18297693305624,0.0,3.5
11.82,214.1569810993102,-35.385684890116416,-39.36416986065372,0.4960614724588759,-0.9582331774089029,-86.1297824173696,48.2127269001888,30.0,116.1297824173696,0.0,3.5
11.84,215.1272118392641,-35.01363506884462,-37.43707551093058,0.36617156966497,-0.9658579414539926,-73.91192223512473,47.283140050754376,30.0,103.91192223512473,0.0,3.5
11.86,215.69871209357729,-34.83091271301484,-36.32389814175719,0.3094525751684045,-0.6977025450849017,-22.68759779862618,46.27358072625309,30.0,52.68759779862618,7.312402201373821,3.5
11.88,216.27980948423456,-34.593461442619706,-35.21084891729597,0.38792005283042685,-0.332907336625031,32.773982129617885,45.476692604552134,30.0,0.0,62.773982129617885,3.5
11.9,216.83634405804415,-34.36925335143075,-34.16418376362814,0.382973437607013,-0.488221522239387,-1.9786460893655349,44.70328598145103,30.0,31.978646089365533,28.021353910634467,3.5
11.92,217.41573029220592,-34.07933563236187,-33.09617547289597,0.4639576849338729,-0.22357515400129843,34.787397861487904,43.88563492604467,30.0,0.0,64.7873978614879,3.5
11.94,218.01247625755354,-33.71220422456639,-32.020799507162415,0.5515372217979206,-0.11963825863192368,40.063629491238146,43.155585512611594,30.0,0.0,70.06362949123815,3.5
11.96,218.63379975172802,-33.40075535211978,-30.92933533412434,0.46466057751838685,-0.5682371416353517,-39.50131542362704,42.59425250664029,30.0,69.50131542362703,0.0,3.5
11.98,219.18763349244642,-33.169956332100526,-29.98197946832539,0.3948449064483795,-0.5254249794487252,-27.926268428002935,41.69405041126355,30.0,57.926268428002935,2.0737315719970653,3.5
12.0,219.7452644405509,-32.94848912072129,-29.05357885758711,0.3780533889664857,-0.40297563433091754,-6.716606992757516,41.224619666040276,30.0,36.71660699275752,23.283393007242484,3.5
12.02,220.31130129472245,-32.749485905371465,-28.13832241368229,0.3380753741184402,-0.4521849799976933,-15.991205939218206,40.52190084031864,30.0,45.991205939218204,14.008794060781794,3.5
12.040000000000001,220.87586702680179,-32.54634670639269,-27.253620471043213,0.34539176491649115,-0.329270774169073,2.926556319220378,39.845087612596096,30.0,27.073443680779622,32.92655631922038,3.5
12.06,221.98504109096075,-31.935062619513406,-25.600613769951345,0.5036999759457766,0.30742587037263247,96.64656882342837,39.17148439791962,30.0,0.0,126.64656882342837,3.5
12.08,222.75882612719195,-31.3793978570175,-24.516539998446788,0.6227789026718515,0.24307172390168724,65.26314138085989,38.40804940471381,30.0,0.0,95.26314138085989,3.5
12.1,223.2626678609758,-30.95025163370419,-23.841991179923802,0.7055080327521929,0.1460182578678172,36.183304064273045,37.81747515137022,30.0,0.0,66.18330406427305,3.5
12.120000000000001,223.71704579188338,-30.55840894089987,-23.2551648754469,0.7116327997851883,-0.023683106305171463,2.4499068131981794,36.84888957248254,30.0,27.55009318680182,32.44990681319818,3.5
12.14,224.30614803093454,-29.927673529484885,-22.52499224577759,0.8195150132800989,0.3342368030204572,56.30577079592841,36.093717715924406,30.0,0.0,86.30577079592841,3.5
12.16,224.9992074753739,-28.908580144184405,-21.71060650011049,0.9735687134085872,0.6495916394956766,93.24296010279066,35.37957425582825,30.0,0.0,123.24296010279066,3.5
12.18,225.54097872209854,-27.749754728179077,-21.10774568369696,1.1334706574124387,0.7966418843653152,97.92155520308121,34.36585727393027,30.0,0.0,127.92155520308121,3.5
12.200000000000001,225.75374620113058,-27.188379685412794,-20.879094382158605,1.2085135554331803,0.4681140095344435,30.034318416593187,33.3952934915475,30.0,0.0,60.03431841659319,3.5
12.22,225.96604846984928,-26.385308051659496,-20.655497364575957,1.3123460754957115,0.6419502707572334,53.06601605002487,32.8028799007673,30.0,0.0,83.06601605002487,3.5
12.24,226.0780645566319,-25.79585712384454,-20.539353728950587,1.3830009606611602,0.530640649396267,28.2619540661795,32.117150532679005,30.0,1.7380459338205014,58.2619540661795,3.5
12.26,226.2100194514807,-25.21054703019722,-20.404158295875824,1.3490589189415347,0.27341876784579483,-13.576816687850155,31.383352979038154,30.0,43.576816687850155,16.423183312149845,3.5
12.280000000000001,226.37153749561173,-24.632695906273348,-20.241058925547915,1.298237441177396,0.1917376362669846,-20.328591105655466,30.680901518123477,30.0,50.32859110565546,9.671408894344534,3.5
12.3,226.50909494652643,-24.048677115738446,-20.104222108874527,1.339476476788237,0.388808620675369,16.49561424433635,30.20152940730403,30.0,13.504385755663652,46.49561424433635,3.5
12.32,226.6237204349805,-23.459728053937116,-19.991647586902776,1.3785722481195835,0.38848696575304376,15.63830853253854,29.658272535407374,30.0,14.36169146746146,45.63830853253854,3.5
12.34,226.70536410754025,-22.865308748454062,-19.912267728235356,1.4343000851863554,0.43593490041333827,22.291134826708763,29.320632736291692,30.0,7.708865173291237,52.29113482670876,3.5
12.36,226.73915226780596,-22.15371379095557,-19.879611695665602,1.523349669628064,0.5721073109347808,41.2396675533668,28.81499678106718,30.0,0.0,71.2396675533668,3.5
12.38,226.7001645474122,-21.37494414276692,-19.917303213480658,1.6208177899996576,0.6517382603508655,47.97449629727496,28.288497265863775,30.0,0.0,77.97449629727495,3.5
12.4,226.71736560906015,-20.753598519193098,-19.900655272541393,1.543119831084204,0.16929383209593446,-32.15836713236285,27.821083751934196,30.0,62.15836713236285,0.0,3.5
12.42,226.81706841629574,-19.969502706589765,-19.80474158272584,1.444318666086586,-0.0033671303867065802,-49.04093199809432,27.42019686769149,30.0,79.04093199809432,0.0,3.5
12.44,226.91990076120499,-19.378380461330405,-19.706858039164544,1.3985587538454112,0.11768756262721793,-18.30396489646999,27.210308171158783,30.0,48.30396489646999,11.696035103530011,3.5
12.46,227.04286259179432,-18.791115284244178,-19.59119883882675,1.3643976151643329,0.11145938089610147,-13.664455472431277,26.545640252083913,30.0,43.66445547243128,16.33554452756872,3.5
12.48,227.13836415388354,-18.19876449996301,-19.502408088039754,1.410947188360042,0.2941350665367034,18.61982927828363,26.124709870379704,30.0,11.380170721716372,48.61982927828363,3.5
12.5,227.2214181604414,-17.604540609501942,-19.425927466151578,1.431927071415518,0.24117029538502824,8.391953222190388,25.769931008302283,30.0,21.608046777809612,38.39195322219039,3.5
12.52,227.46291502507324,-16.68726891842534,-19.2074304032138,1.3133608919208506,-0.2381038796412841,-64.85294359573376,25.365179546402224,30.0,94.85294359573376,0.0,3.5
12.540000000000001,227.7239182149008,-15.976773421961262,-18.97776200912304,1.218746005110234,-0.2061071070563862,-45.764139799656085,24.95906946767448,29.92776964883732,75.6919094484934,0.0,3.5
12.56,228.0902741285702,-15.229902843364616,-18.666664697040567,1.1147604053970228,-0.32481930774179346,-54.19840292039469,24.427710215098664,28.990076850174113,83.1884797705688,0.0,3.5
12.58,228.7547166063824,-14.264042225978974,-18.13565554098138,0.9682184671518469,-0.6233969053378615,-89.01215073397243,23.99212658856205,28.221399862168326,117.23355059614076,0.0,3.5
12.6,229.40113740249294,-13.533668507657538,-17.659408287820767,0.8462998458519414,-0.6122824930126121,-70.35665347600917,23.401004686218652,27.178243563915267,97.53489703992443,0.0,3.5
12.620000000000001,230.09838382127128,-12.910440820789868,-17.189193371175392,0.7294020995241098,-0.6750837216707205,-67.56376265020296,22.707512833501966,25.95443441206229,93.51819706226524,0.0,3.5
12.64,230.6633040188025,-12.488708045263916,-16.840346133823992,0.6412799042202015,-0.6037314546358202,-45.51212753129575,22.158522936704173,24.98562871183089,70.49775624312664,0.0,3.5
12.66,231.21281508453328,-12.144041054258995,-16.527723290474192,0.5601976016997707,-0.6172817650925677,-41.337749432257255,21.33258579764951,23.528092584087375,64.86584201634463,0.0,3.5
12.68,232.1004692894551,-11.728650223783147,-16.07608149595149,0.43769252976657747,-0.8746615987763359,-75.57204357308763,20.711474584964623,22.43201397346698,98.0040575465546,0.0,3.5
12.700000000000001,232.4860155710596,-11.565689216744115,-15.899570166847447,0.3999002160351748,-0.5538591632094926,-15.116925492561073,19.859530045781803,20.928582433732593,36.045507926293666,5.81165694117152,3.5
12.72,232.9589116545202,-11.32780763973149,-15.698577117378257,0.4660697840066921,-0.22978718026985945,33.452884417651305,19.04023631041878,19.482769959562553,0.0,52.93565437721386,3.5
12.74,233.48427847255263,-11.010911099569451,-15.494501692750735,0.5427625263556476,-0.10111047309431187,42.789080091278706,18.520231146468582,18.565113787885736,0.0,61.35419387916444,3.5
12.76,234.04894315497503,-10.599099662275636,-15.296576914753878,0.6301226702519407,0.0367926650764497,52.2956676982491,17.969053537311723,17.59244741878539,0.0,69.88811511703449,3.5
12.780000000000001,234.32356674718918,-10.410957117694453,-15.20794654163707,0.6006506605625288,-0.2991678157768026,-11.788803875764746,17.431882583574602,16.644498676896355,28.4333025526611,4.855694801131609,3.5
12.8,234.57470427512104,-10.226602153082466,-15.13108199051656,0.6332340252460049,-0.13928445754614796,13.033345873390445,16.826950265113503,15.576971056082654,2.5436251826922085,28.6103169294731,3.5
12.82,234.82897069667843,-10.054561450146677,-15.05720158313261,0.5948589404337535,-0.29920842722479873,-15.84393954893778,16.41847270382253,14.85612830086329,30.70006784980107,0.0,3.5
12.84,235.39494921355646,-9.735273298908442,-14.906315268639533,0.5136304235538467,-0.5388805798893462,-51.04656600016186,15.89720691879937,13.936247503763592,64.98281350392546,0.0,3.5
12.86,235.86925897033396,-9.507409190999143,-14.79339618421113,0.4478547872675349,-0.5177716503989036,-39.65280217163961,15.348367219198906,12.967706857409834,52.620509029049444,0.0,3.5
12.88,236.68392653047442,-9.21937435810773,-14.625431411613308,0.339843843196459,-0.7810044975772886,-74.36597189485991,14.824243905133814,12.042783362000847,86.40875525686076,0.0,3.5
12.9,237.49845876043005,-9.024230235548805,-14.486147303145474,0.23514606517817643,-0.8492581377629818,-72.85841657733269,14.176556641132892,10.89980583729334,83.75822241462603,0.0,3.5
12.92,238.50393770367074,-8.914487111253704,-14.346216591024643,0.10871479317199423,-1.0405154431296564,-91.1015587492383,13.691293351567564,10.043458855707467,101.14501760494576,0.0,3.5
12.94,239.44079489060658,-8.922353601935852,-14.23956440919554,-0.008396483397889468,-1.0909252161713392,-84.8988683747476,12.98108663265697,8.790152881159358,93.68902125590695,0.0,3.5
12.96,239.6157051371383,-8.92764980263457,-14.221507833336913,-0.030270284823491082,-0.6785516056901674,-9.983496123940586,12.2588088427064,7.515545016540707,17.499041140481292,0.0,3.5
12.98,240.22617754444275,-8.89947483898798,-14.161672393658685,0.04611999481180618,-0.23243283451126143,54.86609982027059,11.539470203181427,6.246123887967224,0.0,61.11222370823781,3.5
13.0,240.42506796154007,-8.885321013608598,-14.142978718225464,0.0710441700696041,-0.3919555185479611,14.780962478553949,10.923080712354487,5.158377727684389,0.0,19.939340206238338,1.0
13.02,240.8365095062345,-8.877254042021782,-14.105032904401515,0.019604092562626886,-0.6842396580985186,-36.92282894801751,10.396565399286416,4.229233057564263,41.152062005581776,0.0,1.0
13.040000000000001,241.53900337242314,-8.92538925508448,-14.040741374936946,-0.06841353979458412,-0.9041544265927979,-67.13535797147557,9.857957151432833,3.278747914293235,70.4141058857688,0.0,1.0
13.06,242.34158660778604,-9.063329509781147,-13.964067767258616,-0.17020740039280455,-1.0427511604690811,-79.2470761074579,9.239873676967118,2.188012371118444,81.43508847857635,0.0,1.0
13.08,242.9521421622805,-9.218550215106076,-13.900288470226783,-0.24895457816818606,-1.0006837648392393,-61.91511461006628,8.613488979135399,1.082627610238939,62.99774222030522,0.0,1.0
13.1,243.56121209677931,-9.426773441777952,-13.829386036175407,-0.32941449610446694,-1.0619569950685934,-64.34758855421839,8.011529283723581,0.020345794806319366,64.36793434902471,0.0,1.0
13.120000000000001,244.00934393939653,-9.610968853294274,-13.771224492093797,-0.38997826647184114,-1.0037916782435063,-48.451016293899364,7.575488126749333,0.0,48.451016293899364,0.0,1.0
13.14,244.29599362773442,-9.742219795016842,-13.730875368074987,-0.42938695315845515,-0.9161062847790163,-31.52694934929123,6.955535919770024,0.0,31.52694934929123,0.0,1.0
13.16,244.55325774022265,-9.871406789813422,-13.692338493633866,-0.4653717813848518,-0.8984487332555693,-28.78786258111733,6.569744420462376,0.0,28.78786258111733,0.0,1.0
13.18,244.7084833464195,-9.953670956518978,-13.667947971656785,-0.48733139699757394,-0.8217565443063135,-17.5676924901777,6.28744421642244,0.0,17.5676924901777,0.0,1.0
13.200000000000001,244.85008454937855,-10.03242848822554,-13.644912044203924,-0.5075851194486282,-0.7954744814458333,-16.202977960843363,5.943493163724172,0.0,16.202977960843363,0.0,1.0
13.22,245.10458520066243,-10.186642932873005,-13.601531588305441,-0.5447823716240742,-0.8660730968439398,-29.757801740356765,5.79456283666061,0.0,29.757801740356765,0.0,1.0
13.24,245.37054639245454,-10.362664985373048,-13.553330631099886,-0.5846491651577056,-0.8801523004665661,-31.893434826905118,5.483646867686901,0.0,31.893434826905118,0.0,1.0
13.26,245.69704666211416,-10.603410439632158,-13.48988326417053,-0.6353567829030681,-0.9397169776777574,-40.566094196289946,5.228726382100166,0.0,40.566094196289946,0.0,1.0
13.280000000000001,245.8475162112407,-10.719985744851376,-13.458970593788727,-0.6591497988824531,-0.8124157482945384,-19.03441278350796,5.130123501950674,0.0,19.03441278350796,0.0,1.0
13.3,245.9775383353734,-10.825140929083394,-13.431373066196937,-0.6800526117668942,-0.7827680544823157,-16.72225030755292,5.061338311520037,0.0,16.72225030755292,0.0,1.0
13.32,246.11734926900192,-10.943611131274572,-13.4007563749539,-0.7029594495728907,-0.776603652717701,-18.32547024479716,5.008523074817328,0.0,18.32547024479716,0.0,1.0
13.34,246.33209653793617,-11.139413583611418,-13.35177084612012,-0.7392858754430134,-0.8331734196287389,-29.061140696098118,4.7350066370192545,0.0,29.061140696098118,0.0,1.0
13.36,246.40198527729282,-11.20468365673305,-13.335303560785958,-0.7512393126671494,-0.7062278808258516,-9.56274977930884,4.8332128729840536,0.0,9.56274977930884,0.0,1.0
13.38,246.51876079438046,-11.318281062722068,-13.307199583978804,-0.7716035322225822,-0.7261176858602869,-16.291375644346253,4.568792057104589,0.0,16.291375644346253,0.0,1.0
13.4,246.55856681247545,-11.357548954223603,-13.29744892735441,-0.7785929062775709,-0.6418073221836291,-5.591499243991009,4.453182005401101,0.0,5.591499243991009,0.0,1.0
13.42,246.60935974191884,-11.40677673149035,-13.2848794805947,-0.7697511589459619,-0.5318082046587459,7.073397865287195,4.299704734399793,0.0,0.0,7.073397865287195,1.0
13.44,246.66293281294884,-11.459685873630422,-13.271465881918068,-0.7791631287696632,-0.5857003926939153,-7.529575858961071,4.395381465199498,0.0,7.529575858961071,0.0,1.0
13.46,246.698193834203,-11.494946773690572,-13.26254907706622,-0.7853964448676303,-0.5482371344825897,-4.986652878373656,4.421023342506338,0.0,4.986652878373656,0.0,1.0
13.48,246.73218580102937,-11.529352133422558,-13.253886482749223,-0.7914420819657418,-0.5243524598067476,-4.836509678489266,4.281870221824664,0.0,4.836509678489266,0.0,1.0
13.5,246.73754007408354,-11.534781864704627,-13.252515992771956,-0.79239528562425,-0.47585691293554183,-0.7625629268064795,4.417451230798567,0.0,0.7625629268064795,0.0,1.0
13.52,246.83877295134187,-11.641284986140143,-13.22629487973296,-0.8107626353554592,-0.5412518849509173,-14.69387978496741,4.440208167426131,0.0,14.69387978496741,0.0,1.0
13.540000000000001,246.93678577922566,-11.748217846362943,-13.200341782633243,-0.8288945956678143,-0.5333625000178779,-14.505568249884094,4.353000479769073,0.0,14.505568249884094,0.0,1.0
13.56,246.9858553713078,-11.800796358960056,-13.187136563727726,-0.8199047360557703,-0.38479239650851177,7.191887689635195,4.362334966596531,0.0,0.0,7.191887689635195,1.0
13.58,247.06309584573322,-11.881280519933961,-13.166060375797633,-0.8059607683540088,-0.3250747551739512,11.155174161409219,4.350379498351215,0.0,0.0,11.155174161409219,1.0
13.6,247.16091584795066,-11.97973142811162,-13.138854179283534,-0.7886126172660924,-0.2703089963997191,13.87852087033309,4.193744488928641,0.0,0.0,13.87852087033309,1.0
13.620000000000001,247.20722430552146,-12.025585362267892,-13.125771831306345,-0.7804664366808108,-0.28014989141044544,6.516944468225242,4.342417510245398,0.0,0.0,6.516944468225242,1.0
13.64,247.2644191330247,-12.081101223712725,-13.109432355661585,-0.7705030198745919,-0.24377787073313237,7.970733444975098,4.305022997492831,0.0,0.0,7.970733444975098,1.0
13.66,247.41754743439492,-12.222183216490704,-13.06468566757648,-0.7444764693183752,-0.1324441582670051,20.821240444973416,4.564855223923609,0.0,0.0,20.821240444973416,1.0
13.68,247.50814069837622,-12.303140868654516,-13.037516691162807,-0.7292894678231284,-0.14716793867745465,12.149601196197398,4.450251560748309,0.0,0.0,12.149601196197398,1.0
13.700000000000001,247.6758747019708,-12.444947907401744,-12.985820592304552,-0.7018338410659978,-0.05424452954627136,21.96450140570452,4.330616169482138,0.0,0.0,21.96450140570452,1.0
13.72,247.85001853421338,-12.58404415879979,-12.930197591959534,-0.6739743045869048,-0.012569786343109818,22.287629183274397,4.2225061075617605,0.0,0.0,22.287629183274397,1.0
13.74,247.98293791844017,-12.685732251947888,-12.886375915718737,-0.6530548044915513,-0.011147675633338893,16.735600076282754,4.419923570153175,0.0,0.0,16.735600076282754,1.0
13.76,248.0700794237135,-12.750542485423525,-12.856993748197459,-0.6394797766920468,-0.021008656070385424,10.860022239603559,4.256860743609183,0.0,0.0,10.860022239603559,1.0
13.780000000000001,248.17749640944007,-12.82770738026259,-12.820053830213965,-0.6229472189374878,0.014015263094572177,13.226046203647169,4.172144782961557,0.0,0.0,13.226046203647169,1.0
13.8,248.4316205496944,-12.995968569412655,-12.729432546878154,-0.5848497070366521,0.14840472930832002,30.47800952066857,4.186712885131425,0.0,0.0,30.47800952066857,1.0
13.82,248.69750243529634,-13.157508279316726,-12.629635722082593,-0.545961193515799,0.19474520727661723,31.110810816682438,4.088036393786087,0.0,0.0,31.110810816682438,1.0
13.84,248.84928761704447,-13.245232273392762,-12.570320341808223,-0.5240472137686434,0.14649892692114058,17.531183797724477,3.8629187531466345,0.0,0.0,17.531183797724477,1.0
13.86,248.96974179766795,-13.312108234474973,-12.522012022015101,-0.5068254961022678,0.1430356648634048,13.777374133100443,3.798415641928216,0.0,0.0,13.777374133100443,1.0
13.88,249.1268803483374,-13.394842649360383,-12.457321062656252,-0.48462699266421,0.18425521689199073,17.758802750446236,3.9445524968300765,0.0,0.0,17.758802750446236,1.0
13.9,249.35536512767587,-13.50602176399812,-12.359824722979887,-0.4528646697797719,0.25371196469948054,25.409858307550493,3.847193266057011,0.0,0.0,25.409858307550493,1.0
13.92,249.39149650734348,-13.523379682345551,-12.344029254403189,-0.4478540966993368,0.14163358934635428,4.0084584643481085,3.6831944417391758,0.0,0.0,4.0084584643481085,1.0
13.94,249.48085373226277,-13.56496086231228,-12.304516751303503,-0.43553432843047485,0.1791473394130381,9.855814615089571,3.68269850118494,0.0,0.0,9.855814615089571,1.0
13.96,249.73237916282056,-13.671713231252015,-12.189825205992536,-0.40137909674585487,0.3002093484509613,27.324185347695995,3.620037763286265,0.0,0.0,27.324185347695995,1.0
13.98,249.92531300929804,-13.747758884792244,-12.098321037884187,-0.37545661297845523,0.285643015151083,20.73798701391973,3.60865034336696,0.0,0.0,20.73798701391973,1.0
14.0,250.32724366270995,-13.882063677158156,-11.897600361050763,-0.32248462341607953,0.4458739814827631,42.377591649900545,3.5430184062432355,0.0,0.0,42.377591649900545,1.0
14.02,250.71134624072153,-13.989455751480397,-11.692677317938466,-0.2726304849120941,0.47459836940451466,39.883310803188365,3.4344425586959546,0.0,0.0,39.883310803188365,1.0
14.040000000000001,251.14744818879652,-14.085517341649066,-11.443972431527303,-0.21681091813935688,0.5451991890628064,44.65565341818974,3.3820354527237635,0.0,0.0,44.65565341818974,1.0
14.06,251.56315504633557,-14.154370767166188,-11.190528547753226,-0.16413962234968435,0.5719378995434145,42.13703663173803,3.4125370851007855,0.0,0.0,42.13703663173803,1.0
14.08,252.0377223873763,-14.20414118359984,-10.88106844073453,-0.10449336624147718,0.6460680760126646,47.717004886565746,3.293229410384068,0.0,0.0,47.717004886565746,1.0
14.1,252.64527153262333,-14.221472472829866,-10.452577598957182,-0.02851882923680632,0.774169228639047,60.77962960373669,3.3027998322339465,0.0,0.0,60.77962960373669,1.0
14.120000000000001,253.12430555044466,-14.206430685237422,-10.088379455718592,0.03138993546054728,0.7468501465043391,47.92701175788288,3.026649205576785,0.0,0.0,47.92701175788288,1.0
14.14,253.58507289201944,-14.165213529863843,-9.715570362275697,0.08921583214606285,0.7732320400809406,46.260717348412456,2.711952391902487,0.0,0.0,46.260717348412456,1.0
14.16,253.919530925313,-14.12101562947765,-9.430869425262788,0.13138654740580108,0.7243248780824426,33.73657220779057,2.4815743516484017,0.0,0.0,33.73657220779057,1.0
14.18,254.4317779978482,-14.018949434581431,-8.971438264606096,0.1966761153250739,0.8606883709024928,52.23165433541825,2.2078273571681724,0.0,0.0,52.23165433541825,1.0
14.200000000000001,254.85859389784673,-13.909162718288743,-8.566674216065504,0.25176481306078885,0.8452122972167103,44.07095818857196,2.0800775912290805,0.0,0.0,44.07095818857196,1.0
14.22,255.33254454150952,-13.755221262249728,-8.093463760668383,0.3140553601611233,0.9083630960787606,49.832437680267546,1.6887706383603112,0.0,0.0,49.832437680267546,1.0
14.24,255.87784219946016,-13.53255046177581,-7.517683273688583,0.3876815084066413,0.9990541641712031,58.900918596414414,1.3754606177844584,0.0,0.0,58.900918596414414,1.0
14.26,256.0732345868573,-13.446611226463734,-7.30312880421744,0.41436358842382504,0.7943080502165859,21.345664013747022,0.996722643294656,0.0,0.0,21.345664013747022,1.0
14.280000000000001,256.35396062230916,-13.309826570574373,-6.987208704640533,0.45339825832349423,0.8500254601803512,31.227735919735373,0.8370234090626506,0.0,0.0,31.227735919735373,1.0
14.3,256.74248299779634,-13.093005728672036,-6.534994019543429,0.5090142567155711,0.9409393993493036,44.49279871366154,0.7285206720989719,0.0,0.0,44.49279871366154,1.0
14.32,257.05193533889036,-12.901351775325354,-6.162303731933072,0.5545135680499836,0.9086628264145897,36.39944906753007,0.4005306515751571,0.0,0.0,36.39944906753007,1.0
14.34,257.2628767231903,-12.761283454427618,-5.901874694935927,0.5861648422466564,0.8453811260577933,25.32101935733824,0.3222915950276842,0.0,0.0,25.32101935733824,1.0
14.36,257.4658201543255,-12.617233998186864,-5.646425737094578,0.6172735935485911,0.8371584171839063,24.887001041547713,0.2002090969296865,0.0,0.0,24.887001041547713,1.0
14.38,257.747788445171,-12.397511382871155,-5.283525249041064,0.6619572288226458,0.9025986685830057,35.7469082192438,0.22036608770261423,0.0,0.0,35.7469082192438,1.0
14.4,258.0357113027519,-12.150338457099872,-4.903368971573542,0.7093904099751713,0.9254561513851348,37.94654492202035,0.1916296231449982,0.0,0.0,37.94654492202035,1.0
14.42,258.30217664623825,-11.899533672406799,-4.542899982757765,0.755132010861331,0.9273638495402906,36.59328070892772,0.12360516574402625,0.0,0.0,36.59328070892772,1.0
14.44,258.525043827586,-11.672385945717366,-4.235026628672506,0.7949098843948001,0.9045595503362979,31.822298826775302,0.011443249226233618,0.0,0.0,31.822298826775302,1.0
14.46,258.8350055536713,-11.316775262289509,-3.7971756572114597,0.8538769342253257,1.006923643569121,47.17363986442045,0.09452042961382,0.0,0.0,47.17363986442045,1.0
14.48,259.175587036615,-10.865230551914308,-3.3031216725979657,0.9245752779992381,1.0896309206038517,56.558675019129865,0.15579264340974824,0.0,0.0,56.558675019129865,1.0
14.5,259.28140469414245,-10.718120843477429,-3.1468638145935213,0.9472270725476908,0.8700163572510435,18.12143563876213,0.1193302029956942,0.0,0.0,18.12143563876213,1.0
14.52,259.31406826291305,-10.673368437912282,-3.0983668138853417,0.9403014785651577,0.69643921043294,-5.540475186026477,0.12474204065124714,0.0,5.540475186026477,0.0,1.0
14.540000000000001,259.4325402505417,-10.501836326603284,-2.92142348880434,0.9663599695826036,0.821425191059221,20.846792813956736,0.056341906730004665,0.0,0.0,20.846792813956736,1.0
14.56,259.49825537250945,-10.403617690410885,-2.8225704598393033,0.9811318695062815,0.7507730626160614,11.817519938942349,0.14665515473195512,0.0,0.0,11.817519938942349,1.0
14.58,259.536391604635,-10.345533515074841,-2.7649730774471912,0.9898174750777887,0.6964997310768735,6.948484457205751,0.034941236575724316,0.0,0.0,6.948484457205751,1.0
14.6,259.739678412466,-9.999198388522933,-2.4550966638447314,1.040016072250954,0.8865414451085554,40.15887773853218,0.10155426639023837,0.0,0.0,40.15887773853218,1.0
14.620000000000001,259.985293161112,-9.505797867170568,-2.0743061219564005,1.108910316298354,1.0008341367670033,55.11539523792004,0.09446477080879895,0.0,0.0,55.11539523792004,1.0
14.64,260.1202672396813,-9.204008487777486,-1.8620778530127513,1.150235027315208,0.8909292109369085,33.05976881348318,0.22818727155551738,0.0,0.0,33.05976881348318,1.0
14.66,260.27093042029327,-8.813532540597933,-1.6226990672961588,1.2025517997389916,0.9529793975359803,41.853417939026926,0.24353873567787354,0.0,0.0,41.853417939026926,1.0
14.68,260.3607406812801,-8.554713341921781,-1.4787627346187886,1.2367966124351062,0.8737389833782085,27.39585015689171,0.3512972434198635,0.0,0.0,27.39585015689171,1.0
14.700000000000001,260.459793571497,-8.22376976753625,-1.3189392215122684,1.2799777578589555,0.9166763045679049,34.54491633907941,0.2756562457206262,0.0,0.0,34.54491633907941,1.0
14.72,260.5340057774719,-7.937770680444522,-1.1984593948972364,1.3169115942536154,0.889387526551826,29.547069115727922,0.1315631932040408,0.0,0.0,29.547069115727922,1.0
14.74,260.6023438692383,-7.622692309348042,-1.0869582915536586,1.3572121205217134,0.9057702848612552,32.240421014478386,0.1404993210649979,0.0,0.0,32.240421014478386,1.0
14.76,260.6745941269471,-7.160706558840846,-0.9684934898713937,1.41566227736104,1.003047003601522,46.76012547146129,0.1870705986329675,0.0,0.0,46.76012547146129,1.0
14.780000000000001,260.7199191564052,-6.690357936269209,-0.8938723169132086,1.47472820782364,1.0268225373936577,47.25274437008001,0.2829288801441938,0.0,0.0,47.25274437008001,1.0
14.8,260.73455451902294,-6.481202565806758,-0.8697272424962801,1.5009365565746338,0.8747625403960697,20.96667900079513,0.3044304324982626,0.0,0.0,20.96667900079513,1.0
14.82,260.74414149446613,-6.164778260366263,-0.8538976411999535,1.5405077446356081,0.930192173553693,31.65695044877957,0.21533188646600404,0.0,0.0,31.65695044877957,1.0
14.84,260.74593308025385,-6.062212577262621,-0.8509382900890596,1.5533304108037111,0.7899505748981438,10.258132934482397,0.1928006880106284,0.0,0.0,10.258132934482397,1.0
14.86,260.73724866295004,-5.7197619018754455,-0.8652798463465636,1.596150507607271,0.9196610865849562,34.25607744284801,0.14193647344266722,0.0,0.0,34.25607744284801,1.0
14.88,260.72950697143375,-5.552580932262133,-0.8780573256823789,1.6170705228395421,0.809617088007152,16.73601218581678,0.15818224938592704,0.0,0.0,16.73601218581678,1.0
14.9,260.7273881092438,-5.499076439019262,-0.8815532668325723,1.610377218846282,0.6470970759376333,-5.354643194608194,0.14323116504583425,0.0,5.354643194608194,0.0,1.0
14.92,260.7227133614995,-5.407558177799532,-0.8892643897869643,1.6218319158926604,0.6971156625938293,9.163757637102773,0.11731580619459031,0.0,0.0,9.163757637102773,1.0
14.94,260.71865675416456,-5.339523454716825,-0.8959538540532463,1.6303513602040673,0.6576823412600422,6.8155554491255295,0.22073667922380708,0.0,0.0,6.8155554491255295,1.0
14.96,260.7126160075534,-5.253742144065729,-0.905911744222859,1.6411005781092225,0.6436391948398529,8.599374324124199,0.18989464290735208,0.0,0.0,8.599374324124199,1.0
14.98,260.6974424810686,-5.08772316646031,-0.9309062405142825,1.6619394453525842,0.6744465980266358,16.67109379468936,0.06798013137530297,0.0,0.0,16.67109379468936,1.0
15.0,260.66902621858776,-4.85334929114436,-0.9776440863612148,1.6914507242885681,0.709311841484258,23.60902314878716,0.21037329351667253,0.0,0.0,23.60902314878716,1.0
15.02,260.62056037835447,-4.5509768861168745,-1.0571459023041712,1.7297297184040634,0.7540736838355837,30.623195292396183,0.15972989979535165,0.0,0.0,30.623195292396183,1.0
15.040000000000001,260.55190898482107,-4.215338421736843,-1.169299998214063,1.7725531554387108,0.7856886061706028,34.258749627717904,0.11440107275960718,0.0,0.0,34.258749627717904,1.0
15.06,260.4964438042716,-3.980486182796385,-1.2595182459264596,1.802717279511421,0.7313817717482131,24.13129925816811,0.0899866832883984,0.0,0.0,24.13129925816811,1.0
15.08,260.42413573344123,-3.715375625520819,-1.3766034346856735,1.8370666028049223,0.7517257849389949,27.479458634800935,-0.005833874557383337,0.0,0.0,27.479458634800935,1.0
15.1,260.3864082293806,-3.5857136278266326,-1.4374558024593043,1.8539465086699096,0.6629976670178477,13.503924691989805,0.1080229734381636,0.0,0.0,13.503924691989805,1.0
15.120000000000001,260.3776684296359,-3.556103119404844,-1.4515293063632253,1.857805682619277,0.5796264419846973,3.087339159493869,-0.0031199305335001676,0.0,0.0,3.087339159493869,1.0
15.14,260.35178744283957,-3.4718484309918827,-1.493153433162215,1.8688231956646488,0.5895181188141282,8.814010436297348,0.026328538654483907,0.0,0.0,8.814010436297348,1.0
15.16,260.3330522089222,-3.4125050669117547,-1.523237108058801,1.8766020169224427,0.5537706746894385,6.223057006235145,0.11184868033612862,0.0,0.0,6.223057006235145,1.0
15.18,260.28060635553607,-3.257501081183291,-1.607236297952019,1.8970565408448505,0.5991062102102307,16.3636191379263,0.039399103149323975,0.0,0.0,16.3636191379263,1.0
15.200000000000001,260.2271710867546,-3.109256899959703,-1.6924947774971706,1.9167541236662584,0.588153742978035,15.758066257126348,0.1158180900680277,0.0,0.0,15.758066257126348,1.0
15.22,260.169107306906,-2.957863001350643,-1.7847655682410277,1.937022446806366,0.5837619377914475,16.21465851208606,0.13948268025444038,0.0,0.0,16.21465851208606,1.0
15.24,260.0766444097405,-2.6884657227384925,-1.930898814074542,1.901419541141088,0.28476941072642603,-28.482324532222332,0.3877605376154935,0.0,28.482324532222332,0.0,1.0
15.26,260.0172864368033,-2.5005731682195522,-2.024191315599886,1.8767888371713526,0.27933594103045395,-19.704563175788188,0.15545733402880546,0.0,19.704563175788188,0.0,1.0
15.280000000000001,259.96787289708874,-2.331249894900965,-2.101543774308718,1.8547405702346251,0.24462843914918425,-17.638613549382047,0.3718926226788095,0.0,17.638613549382047,0.0,1.0
15.3,259.9091283935889,-2.105721121556263,-2.1931357191765084,1.8256088263003316,0.16461158384781321,-23.305395147434876,0.21057127558695263,0.0,23.305395147434876,0.0,1.0
15.32,259.8634215392783,-1.9102671703786689,-2.264123718010584,1.8005179403922034,0.13803329479358284,-20.07270872650253,0.14143481148376685,0.0,20.07270872650253,0.0,1.0
15.34,259.83606199890454,-1.7841256523298954,-2.306500506667275,1.7843836276622669,0.14396678238144514,-12.907450183949129,0.027010888581848663,0.0,12.907450183949129,0.0,1.0
15.36,259.81316942515616,-1.6706809147969535,-2.3418918521906598,1.7699171910725136,0.12312279427860148,-11.573149271802677,0.11820316363386271,0.0,11.573149271802677,0.0,1.0
15.38,259.80000834172745,-1.6024056741072321,-2.362211069009282,1.7612256698734354,0.12712962828321228,-6.953216959262448,0.008329135806865368,0.0,6.953216959262448,0.0,1.0
15.4,259.7931394321278,-1.5676031369766177,-2.372807912757688,1.7656599090095069,0.17696704498366594,3.547391308857166,-0.11546766924399204,0.0,0.0,3.547391308857166,1.0
15.42,259.78656935491756,-1.5335376892212578,-2.382938623481474,1.761323254471369,0.12653791547140708,-3.469323630510301,-0.1052453964201446,0.0,3.469323630510301,0.0,1.0
15.44,259.7525202571709,-1.3284779168011631,-2.435360364312439,1.7353398308726276,3.4331404147215963e-06,-20.7867388789932,0.021814716317029206,0.0,20.7867388789932,0.0,1.0
15.46,259.74796854416695,-1.300450064979299,-2.4423579624879643,1.7317904502730141,0.08302602219475838,-2.8395044796906608,0.02880433999452714,0.0,2.8395044796906608,0.0,1.0
15.48,259.7439708345414,-1.2753290100020471,-2.4485018791168116,1.7286108053306206,0.07524347234153175,-2.54371595391485,0.11700439739781368,0.0,2.54371595391485,0.0,1.0
15.5,259.72507303965966,-1.1421974118607003,-2.477520037395097,1.711802534916987,-0.004930918659299227,-13.44661633090697,0.13281530263734814,0.0,13.44661633090697,0.0,1.0
15.52,259.7172646353387,-1.0841360104947722,-2.4894979933841235,1.7044795216341333,0.02256440006037062,-5.858410626282962,0.13025854289040092,0.0,5.858410626282962,0.0,1.0
15.540000000000001,259.7048704712162,-0.9820605075617693,-2.508495900275518,1.6916263705106975,-0.017688624375166325,-10.282520898748645,0.09571887456532516,0.0,10.282520898748645,0.0,1.0
15.56,259.68242815844167,-0.7317366467009931,-2.5428503578672412,1.660210388133362,-0.1311895474301382,-25.132785901868445,0.017791982280380265,0.0,25.132785901868445,0.0,1.0
15.58,259.67479796274046,-0.6328623563449,-2.5545172666440923,1.647814354758314,-0.06584906110413809,-9.91682670003846,-0.07380430680789249,0.0,9.91682670003846,0.0,1.0
15.6,259.6639286426007,-0.4140440483742048,-2.571125270836937,1.6204283426971076,-0.1573534250859544,-21.908809648965022,0.016344373389108303,0.0,21.908809648965022,0.0,1.0
15.620000000000001,259.66206535766645,-0.3795410596713489,-2.5739709388570358,1.6247475007099899,-0.018843253532400375,3.455326410305817,-0.19053314634258922,0.0,0.0,3.455326410305817,1.0
15.64,259.6614809537212,-0.3684326525992259,-2.574863376120989,1.6233570295912496,-0.04247908294933865,-1.112376894992141,-0.0509355600600437,0.0,1.112376894992141,0.0,1.0
15.66,259.6295177487649,-0.032203254622861166,-2.6236136637659158,1.665575185959139,0.18600272870626072,33.774525094311564,-0.11029781054394275,0.0,0.0,33.774525094311564,1.0
15.68,259.62466678141766,0.01575621944702088,-2.631001991319753,1.671600708547035,0.04093170192709826,4.820418070316832,-0.012342157438192322,0.0,0.0,4.820418070316832,1.0
15.700000000000001,259.60679069644254,0.2788467652425684,-2.6582047960265385,1.6386385641374446,-0.15807833812208327,-26.369715527672323,-0.020526384796366873,0.0,26.369715527672323,0.0,1.0
15.72,259.60484278721253,0.30922350594183784,-2.661166770205252,1.6348336727011668,-0.0401715384267285,-3.043913149022327,-0.00014725430341606081,0.0,3.043913149022327,0.0,1.0
15.74,259.6011736121104,0.37489226379422996,-2.6667448894572203,1.6266122747400857,-0.06648292891100986,-6.577118368864829,-0.1346520817351626,0.0,6.577118368864829,0.0,1.0
15.76,259.59873054124733,0.7722233294799787,-2.67045813769454,1.5769449526808623,-0.2910286535820851,-39.73385764737864,0.09276567017592421,0.0,39.73385764737864,0.0,1.0
15.780000000000001,259.6051519335504,1.024730852475734,-2.660696714344505,1.545371307755327,-0.2455157088183742,-25.258915940428153,0.011070677563900296,0.0,25.258915940428153,0.0,1.0
15.8,259.6175528880709,1.2537525914000887,-2.64183195420307,1.5167016535639626,-0.25839217589516356,-22.935723353091525,-0.08316350029395218,0.0,22.935723353091525,0.0,1.0
15.82,259.64396914083295,1.5445455764973939,-2.6015870898566966,1.4802028567961687,-0.32295249653082725,-29.199037414235136,-0.05222416283257449,0.0,29.199037414235136,0.0,1.0
15.84,259.6871177411454,1.8703428303516592,-2.5356764244529693,1.4391225900294649,-0.37715149790207914,-32.864213413363125,0.03727389148299255,0.0,32.864213413363125,0.0,1.0
15.860000000000001,259.7223402248184,2.0894227797456817,-2.4817129322165012,1.411385924431779,-0.3404493832318666,-22.189332478148735,-0.10178562191835912,0.0,22.189332478148735,0.0,1.0
15.88,259.82737010679784,2.5598513113307155,-2.3199451036792293,1.3511345915318627,-0.528471228676855,-48.20106631993312,-0.10377814521652631,0.0,48.20106631993312,0.0,1.0
15.9,260.04480207466935,3.240910774182176,-1.9809957715911768,1.261768888117466,-0.7307680159799765,-71.4925627315173,0.09367811804160536,0.0,71.4925627315173,0.0,1.0
15.92,260.08782266670755,3.368239814489574,-1.913284513545113,1.2449688435467845,-0.42740703537463653,-13.440035656545156,0.2877195635375158,0.0,13.440035656545156,0.0,1.0
15.94,260.16574659961503,3.5791356297929178,-1.790094271589389,1.2168649113730021,-0.48515308292103826,-22.483145739025886,0.31127876420431316,0.0,22.483145739025886,0.0,1.0
15.96,260.2266258094494,3.733923914329967,-1.6933630991279731,1.1960736529860696,-0.4569781461434312,-16.63300670954593,0.22542546636433486,0.0,16.63300670954593,0.0,1.0
15.98,260.3094019724178,3.929045620325,-1.5611553369844025,1.1695794397894268,-0.4889518212411,-21.1953705573143,0.12557831797140886,0.0,21.1953705573143,0.0,1.0
16.0,260.32421646155166,3.964437811032064,-1.5374109114630663,1.1743753955260063,-0.33287130216548394,3.836764589263682,-0.016402476912818847,0.0,0.0,3.836764589263682,1.0
16.02,260.35224136553376,4.029754637543526,-1.492424056772279,1.1654909963933138,-0.3800215866916556,-7.107519306153974,0.06936873516278683,0.0,7.107519306153974,0.0,1.0
16.04,260.4135651712482,4.165635199737509,-1.3936696354434641,1.1468562940842422,-0.4218665356821131,-14.9077618472573,0.09176015660304011,0.0,14.9077618472573,0.0,1.0
16.06,260.4446832020534,4.23291637389163,-1.3433928179555608,1.137590186287588,-0.37401308244443043,-7.412886237323469,0.14098948364864516,0.0,7.412886237323469,0.0,1.0
16.080000000000002,260.58163670762235,4.501903640626557,-1.1208007099296484,1.0998595595631602,-0.5146815024761527,-30.184501379542116,0.10375220897913248,0.0,30.184501379542116,0.0,1.0
16.1,260.69114275472964,4.702585062936629,-0.9412757090858932,1.0712827421413376,-0.487764577758752,-22.86145393745801,0.12765213543045606,0.0,22.86145393745801,0.0,1.0
16.12,261.02323918648796,5.214194907096017,-0.3884814741700193,0.9950396407497817,-0.7479148970340392,-60.9944811132447,0.18131136436547612,0.0,60.9944811132447,0.0,1.0
16.14,261.0578140774507,5.266555259822674,-0.33021005794334357,0.9871964215219762,-0.4481333001573868,-6.27457538224445,0.11786454788773014,0.0,6.27457538224445,0.0,1.0
16.16,261.19392998184577,5.459999847855088,-0.09949151196211048,0.9576296675816569,-0.5474637443706305,-23.65340315225539,0.1048495975569591,0.0,23.65340315225539,0.0,1.0
16.18,261.27414721141713,5.569977774464298,0.037456629559724064,0.9406140735108114,-0.4901963968852619,-13.612475256676419,-0.05544543195507043,0.0,13.612475256676419,0.0,1.0
16.2,261.44581025695135,5.788913146568665,0.3329526803327294,0.9058378023351406,-0.5784182854543395,-27.8210169405367,0.014497669900212548,0.0,27.8210169405367,0.0,1.0
16.22,262.0419298005548,6.401468077610115,1.384609656530646,0.7989951863489688,-0.9693593686866785,-85.4740927889374,-0.11630431826695284,0.0,85.4740927889374,0.0,1.0
16.240000000000002,262.41369137439807,6.738392275856328,2.0602753108756886,0.736279983951759,-0.8243534471923855,-50.17216191776788,-0.03628630917331883,0.0,50.17216191776788,0.0,1.0
16.26,262.4522690945902,6.772902944184332,2.1312506809806493,0.7298098280373112,-0.5661795147437012,-5.176124731558206,0.013326444647085746,0.0,5.176124731558206,0.0,1.0
16.28,262.47152589529435,6.790018275068655,2.1667396670398205,0.7265893881298633,-0.5262740853161633,-2.5763519259583223,0.12335249657868104,0.0,2.5763519259583223,0.0,1.0
16.3,262.5688516442127,6.87376394455948,2.3467173979549454,0.7105398366559013,-0.5685305485742569,-12.839641179169604,0.11158269447113453,0.0,12.839641179169604,0.0,1.0
16.32,262.607388320777,6.907354473402815,2.4182628425578425,0.7169300135272227,-0.44051795131315136,5.112141497057216,0.23709746127398623,0.0,0.0,5.112141497057216,1.0
16.34,262.6402352531078,6.9356736416422144,2.4793710842085375,0.7115088509251528,-0.4696205414672134,-4.336930081655902,0.24963838317735637,0.0,4.336930081655902,0.0,1.0
16.36,262.6858719831554,6.974427996081241,2.564465739374471,0.7040248981787958,-0.46150378598806246,-5.9871621970856435,0.1693169581709289,0.0,5.9871621970856435,0.0,1.0
16.38,262.80930587642683,7.0750872436031935,2.7957392902802543,0.6841156469843783,-0.5107983630599162,-15.927400955533955,0.06827281485366293,0.0,15.927400955533955,0.0,1.0
16.4,262.9522167190603,7.186339653777677,3.0655355877199177,0.6614769744195529,-0.5228273255965146,-18.110938051860305,0.09286519468496615,0.0,18.110938051860305,0.0,1.0
16.42,262.99301322157896,7.217679442129697,3.1429516938630826,0.6550464114682699,-0.4385751480317328,-5.144450361026351,0.11918817500403572,0.0,5.144450361026351,0.0,1.0
16.44,263.0632416853211,7.270413081837797,3.2766307181720933,0.6440685403486287,-0.4464830044596938,-8.782296895712928,0.08649208459356328,0.0,8.782296895712928,0.0,1.0
16.46,263.275869625989,7.419531418083458,3.6845305097138183,0.6116053594361157,-0.5485976126345185,-25.970544730010428,0.086632751944233,0.0,25.970544730010428,0.0,1.0
16.48,263.48193422268594,7.554772775432586,4.084345182604249,0.5807952447339428,-0.5519672175911523,-24.6480917617383,-0.0011022878438985,0.0,24.6480917617383,0.0,1.0
16.5,263.4992080481272,7.566173732484526,4.11806060490016,0.5833823729290705,-0.38673276806643664,2.0697025561020688,-0.11866987195856249,0.0,0.0,2.0697025561020688,1.0
16.52,263.5273258104339,7.58456277717035,4.173007366497094,0.5791827346976334,-0.3974129721576868,-3.359710585149644,-0.05777115670136197,0.0,3.359710585149644,0.0,1.0
16.54,263.58925288813333,7.6258910305539604,4.294310571711058,0.588489139985231,-0.3101041684635731,7.445124230078131,-0.10411848325578134,0.0,0.0,7.445124230078131,1.0
16.56,263.59313209722876,7.628476630920769,4.301922332490792,0.5879063987199757,-0.3324900897550061,-0.4661930122042275,0.013240656825940902,0.0,0.4661930122042275,0.0,1.0
16.580000000000002,263.60515464439294,7.636458707362661,4.325522728495031,0.5861025175542707,-0.3211757292770601,-1.4431049325640597,0.061754242343580165,0.0,1.4431049325640597,0.0,1.0
16.6,263.63291408729816,7.654723238902354,4.380071545939739,0.5819488674599764,-0.317994775744571,-3.3229200754353734,-0.08340441263936339,0.0,3.3229200754353734,0.0,1.0
16.62,264.0767991340369,7.9077456551508805,5.262990733996977,0.5180820287149087,-0.6184679499114223,-51.09347099605418,-0.04689977388744665,0.0,51.09347099605418,0.0,1.0
16.64,264.41412510126924,8.079422468311863,5.947176198450631,0.4707696135322978,-0.580958280813669,-37.84993214608872,0.0764128945424902,0.0,37.84993214608872,0.0,1.0
16.66,264.49105241024233,8.117539649134478,6.104777117410833,0.46003799382426314,-0.4189775861096178,-8.585295766427727,0.039850503681380434,0.0,8.585295766427727,0.0,1.0
16.68,264.49495083250304,8.119473944203838,6.112779225262415,0.4605819836210697,-0.3506426437617501,0.4351918374452719,0.02915682485248851,0.0,0.0,0.4351918374452719,1.0
16.7,264.70836386109875,8.233533436851896,6.553096706409022,0.49082957873144883,-0.1748405076967307,24.19807608830331,-0.33161500909854996,0.0,0.0,24.19807608830331,1.0
16.72,264.9692201735019,8.385880002152689,7.097252543459309,0.5285902336184155,-0.08615178090584916,30.20852390957335,-0.24395751014200756,0.0,0.0,30.20852390957335,1.0
16.740000000000002,265.1579524322299,8.503253873707445,7.494977346744152,0.5563718853894972,-0.08417112513892495,22.22532141686538,-0.17305246366961208,0.0,0.0,22.22532141686538,1.0
16.76,265.40755261873153,8.671832744090738,8.026074155632694,0.5940213974716102,0.008572176376570989,30.11960966569036,-0.11848222876733247,0.0,0.0,30.11960966569036,1.0
16.78,265.59141443355213,8.803734642447111,8.420953700212793,0.6223065740606675,0.008349679590838257,22.628141271245823,-0.22424383363002942,0.0,0.0,22.628141271245823,1.0
16.8,265.7136481193842,8.895004530158195,8.685168842615868,0.6413752273113591,-0.003346537958289709,15.254922600553261,0.03505844858257784,0.0,0.0,15.254922600553261,1.0
16.82,265.7550406355741,8.926332025656869,8.774945040496412,0.6478641028528564,-0.04407052367583571,5.191100433197911,0.02723580568847077,0.0,0.0,5.191100433197911,1.0
16.84,265.8871346446741,9.030750260079563,9.062463746247742,0.6689116661471199,0.04312730104198966,16.838050635410816,0.058669024029791836,0.0,0.0,16.838050635410816,1.0
16.86,265.91264159820656,9.05108264181573,9.118160711999089,0.6729890627306688,-0.02058742635479891,3.261917266839097,0.043960838669764774,0.0,0.0,3.261917266839097,1.0
16.88,265.9381091531646,9.071554291275097,9.173828832123089,0.6770734935109427,-0.014061328770968636,3.267544624219076,0.021322154821372473,0.0,0.0,3.267544624219076,1.0
16.9,265.9941707640395,9.117460455428608,9.296571542454798,0.6861308456015599,0.01811649222308417,7.245881672493725,0.2774937208215725,0.0,0.0,7.245881672493725,1.0
16.92,266.022730663619,9.141068611426732,9.359207122591892,0.6907626191779387,0.005792620653706502,3.7054188611029923,0.20774140604940428,0.0,0.0,3.7054188611029923,1.0
16.94,266.09368940280154,9.198375296590795,9.515136700121143,0.6793614139025153,-0.07242560000747457,-9.12096422033871,0.3332635943669661,0.0,9.12096422033871,0.0,1.0
16.96,266.14285068304207,9.237444659139644,9.623423368646352,0.6715120045249924,-0.06471122748141248,-6.279527502018343,0.6072781056555174,0.0,6.279527502018343,0.0,1.0
16.98,266.27753568878575,9.339908935732483,9.921158446230441,0.6503581858870557,-0.1410496662063858,-16.92305491034934,0.5589263833934415,0.0,16.92305491034934,0.0,1.0
17.0,266.319881987556,9.371684494880729,10.01509014535776,0.6437403888844604,-0.0847525096658684,-5.294237602076292,0.5468458904414502,0.0,5.294237602076292,0.0,1.0
17.02,266.4314771648784,9.452456960578875,10.26335720860877,0.6265204536636468,-0.14420580608304506,-13.775948176650875,0.6010178282523431,0.0,13.775948176650875,0.0,1.0
17.04,266.43824599470247,9.457345474641302,10.278449730065194,0.6254767625955069,-0.07398825942674046,-0.8349528545119274,0.8209391296726662,0.0,0.8349528545119274,0.0,1.0
17.06,266.4506089522422,9.466238360746223,10.306025475875071,0.6235731224049601,-0.07572038338151643,-1.5229121524374205,0.9298211420469262,0.0,1.5229121524374205,0.0,1.0
17.080000000000002,266.51896101450683,9.516513735998837,10.458717072465044,0.6341794425819689,-0.008463434348626554,8.485056141607071,1.0478044795831054,0.0,0.0,8.485056141607071,1.0
17.1,266.59611984293224,9.574716229199323,10.631550666233272,0.6462605584107197,0.013634342514452205,9.664892663000668,1.046006271660078,0.0,0.0,9.664892663000668,1.0
17.12,266.6920119502286,9.649361707374233,10.847033565840954,0.6614506269454264,0.044989314190596194,12.152054827765404,1.1467532551740893,0.0,0.0,12.152054827765404,1.0
17.14,266.84185783809176,9.771943077394377,11.185267455394582,0.6856503113395144,0.10956781381925115,19.35974751527035,1.096995514453749,0.0,0.0,19.35974751527035,1.0
17.16,266.9158796574513,9.834003445756471,11.35302251375677,0.6977247672424565,0.07166026848367454,9.659564722353682,1.1292471777834632,0.0,0.0,9.659564722353682,1.0
17.18,266.9858478315794,9.891330599188372,11.51199546885909,0.6864180021827214,-0.03895767361525459,-9.045412047788055,1.0773838442574923,0.0,9.045412047788055,0.0,1.0
17.2,267.0446457879697,9.938586108861609,11.645890845008104,0.6769887567279564,-0.04174483935782977,-7.543396363811945,1.282638042210853,0.0,7.543396363811945,0.0,1.0
17.22,267.27693215607434,10.111810979962847,12.17751938734154,0.640768119314823,-0.19205413586825296,-28.97650993050673,1.5358351113412352,0.0,28.97650993050673,0.0,1.0
17.240000000000002,267.34265868706126,10.161890446645785,12.328708043696214,0.6510970303921894,0.015019181502558794,8.26312886189306,1.7167762285426358,0.0,0.0,8.26312886189306,1.0
17.26,267.42509478500534,10.226423904544227,12.518801714458283,0.6641834483468505,0.04216308758346279,10.469134363728873,1.8183509912606381,0.0,0.0,10.469134363728873,1.0
17.28,267.64372640126976,10.385949648677853,13.025446303003996,0.6303529317346792,-0.1887364150214723,-27.064413289737008,1.8077393320531074,0.0,27.064413289737008,0.0,1.0
17.3,267.7002734248212,10.426460769331763,13.157065979593655,0.6216578210672878,-0.09085998989999894,-6.956088533913088,1.9252635998346481,0.0,6.956088533913088,0.0,1.0
17.32,267.7243231957281,10.443556501012024,13.213116084991668,0.6179694620098152,-0.07093942965066165,-2.9506872459781146,2.0051266342323295,0.0,2.9506872459781146,0.0,1.0
17.34,268.0968291495233,10.743399886816626,14.086625298677701,0.6777433512748513,0.26055335864951557,47.81911141202893,2.284931738742209,0.0,0.0,47.81911141202893,1.0
17.36,268.3394324894757,10.955326783703054,14.66078291811177,0.7180099220446883,0.22215276990728908,32.2132566158696,2.436019399076286,0.0,0.0,32.2132566158696,1.0
17.38,268.41188408635014,11.01711227510403,14.833032131092576,0.7061075320291038,-0.010697866478680792,-9.521912012467542,2.5315849627487355,0.0,9.521912012467542,0.0,1.0
17.400000000000002,268.47173104299515,11.069182539269805,14.975581126013092,0.7160235627921234,0.08859018217909655,7.932824610415706,2.5934254087283595,0.0,0.0,7.932824610415706,1.0
17.42,268.4927106606724,11.087564918425185,15.025608995495249,0.7195102701870358,0.06297860395080453,2.7893659159299524,2.94876225846372,0.0,0.0,2.7893659159299524,1.0
17.44,268.5958945883875,11.181201326254666,15.272085376208702,0.7369273504397666,0.1369972290792792,13.933664202184659,3.2414940420787333,0.0,0.0,13.933664202184659,1.0
17.46,268.70261321969446,11.281671444496322,15.527739490845274,0.7552487479913288,0.15691059632682264,14.657118041249689,3.365924317092856,0.0,0.0,14.657118041249689,1.0
17.48,268.8738750108956,11.45297763338682,15.93954483117306,0.785527765963143,0.2347803443700015,24.223214377451388,3.5648547037904983,0.0,0.0,24.223214377451388,1.0
17.5,269.0244657488391,11.612091828946667,16.303172943836163,0.8129124382221768,0.24618342885318326,21.907737807227036,3.628190891019874,0.0,0.0,21.907737807227036,1.0
17.52,269.0797148214608,11.671668520345449,16.43693312485915,0.8230689033611206,0.17809187544336022,8.125172111154974,3.8687566926044146,0.0,0.0,8.125172111154974,1.0
17.54,269.1324579209178,11.729672812910833,16.564799912473084,0.8328687219949138,0.17959006355912438,7.839854907034597,4.025423224705943,0.0,0.0,7.839854907034597,1.0
17.56,269.2841864070773,11.906630700288284,16.93357304198641,0.8620062266649465,0.2836716518964736,23.31000373602615,4.149759196567107,0.0,0.0,23.31000373602615,1.0
17.580000000000002,269.3730832603563,12.01404231030394,17.15026812577936,0.8794346089089083,0.24467640792288417,13.942705795169417,4.312170834826945,0.0,0.0,13.942705795169417,1.0
17.6,269.4089247928869,12.057978952797335,17.237765774477836,0.886522278668491,0.199685543020128,5.670135807666068,4.507819339854647,0.0,0.0,5.670135807666068,1.0
17.62,269.6006842900475,12.313195783608434,17.707145102793667,0.9264259391131615,0.36966687816791505,31.922928355736442,4.58542252120112,0.0,0.0,31.922928355736442,1.0
17.64,269.80505200654824,12.612518912779311,18.209645076690443,0.9717305503582458,0.42956308811353,36.243688996067476,4.698112935519893,0.0,0.0,36.243688996067476,1.0
17.66,270.1970618438937,13.336740735579198,19.17973383493017,1.0746693186560798,0.7667247824965702,82.3510146382671,4.91589235350485,0.0,0.0,82.3510146382671,1.0
17.68,270.5577169011854,14.260711149493549,20.079001879496673,1.1986522683494718,0.9689224830058771,99.18635975471354,5.428177423712979,0.0,0.0,99.18635975471354,1.0
17.7,270.6064104900479,14.379772347801604,20.200885526992042,1.182573053049289,0.34368761241518064,-12.86337224014613,6.027927134427509,0.0,12.86337224014613,0.0,1.0
17.72,270.6950046660526,14.580500258697485,20.42291924931604,1.1551468389026867,0.2439804782683625,-21.9409713172819,6.4769647486082365,0.0,21.9409713172819,0.0,1.0
17.740000000000002,270.69570300346385,14.5820834093197,20.424670814280482,1.1553631301210323,0.3391528218989578,0.17303297467659462,6.690457660909376,0.0,0.0,0.17303297467659462,1.0
17.76,270.8929485905457,15.136347922614823,20.920257403338642,1.2289025511312905,0.704430794986563,58.83153680820654,6.917834547436717,0.0,0.0,58.83153680820654,1.0
17.78,270.9669435006879,15.365971655437326,21.1066029138757,1.2590589935924101,0.5341592196670715,24.125153968895738,7.14810802217991,0.0,0.0,24.125153968895738,1.0
17.8,271.0276600322087,15.573429956098973,21.25967940952993,1.2860790797880708,0.5273343869182223,21.616068956528594,7.495670385836202,0.0,0.0,21.616068956528594,1.0
17.82,271.1084697772247,15.899852278612457,21.463648472528014,1.3281136168388417,0.6118273257130877,33.62762964061672,7.754503393344321,0.0,0.0,33.62762964061672,1.0
17.84,271.12478700480824,15.96834249110728,21.504866227712323,1.3369145055755682,0.4570460065833364,6.805325341601533,8.133385200408528,0.23538564777975468,0.0,7.040710989381287,1.0
17.86,271.1802028801663,16.24339995587057,21.644927413950448,1.37198753834375,0.5753475116148145,27.089148051445186,8.549257625756823,0.969278163100276,0.0,28.058426214545463,1.0
17.88,271.22212296799347,16.491549768938942,21.750959047556965,1.4034457505787201,0.5656291254499225,23.754148918250824,8.800371826177585,1.4124208697251501,0.0,25.166569787975973,1.0
17.900000000000002,271.2367416861968,16.58476779463477,21.787951402461996,1.415240417830105,0.46815947271535224,7.766814568978649,8.945720898206535,1.6689192321291788,0.0,9.435733801107828,1.0
17.92,271.2548525226715,16.713990432590297,21.833791976656297,1.4315511181896452,0.47452737807682766,10.810489651234128,9.268240027292254,2.2380706363980956,0.0,13.048560287632224,1.0
17.94,271.2770866440163,16.90642558158966,21.89008634738721,1.4557655388421658,0.5033932459364368,16.585706902636748,9.578636784315115,2.7858296193796157,0.0,19.371536522016363,1.0
17.96,271.30271213328183,17.28473108079904,21.95499079316992,1.5031620900801246,0.6222013649047603,34.904094452016956,9.707449705065077,3.013146538350136,0.0,37.91724099036709,1.0
17.98,271.30668030331395,17.342821699266683,21.9650436454844,1.5025922829355147,0.41446250697667564,-0.22792285784391986,9.649736484518193,2.9112996785615177,3.1392225364054376,2.683376820717598,1.0
18.0,271.3140209317036,17.490237801813137,21.983641768009075,1.5210421271570547,0.467853948129194,11.546821136748576,9.820730736273935,3.213054240483415,0.0,14.759875377231992,1.0
18.02,271.3309352285478,17.708965500407427,22.026503389402922,1.4936195373672003,0.2654576069626209,-18.240902561001484,10.095062586833114,3.6971692708819663,21.93807183188345,0.0,1.0
18.04,271.3868116692279,18.13388431525042,22.168173395546262,1.4400474224439126,0.08520804923837672,-38.92050968528595,10.231069943561682,3.9371822533441443,42.8576919386301,0.0,1.0
18.06,271.4593333036559,18.529982808476007,22.35221853260708,1.389712077662063,0.03427769960651404,-36.20918277309197,10.300152729686355,4.059093052387684,40.26827582547965,0.0,1.0
18.080000000000002,271.53240209382307,18.852976591990654,22.537845573405836,1.3483176274970652,0.024249252065233193,-28.360847524752618,10.694337144105926,4.754712607245752,33.11556013199837,0.0,1.0
18.1,271.57491251164186,19.023411465772686,22.645928439538547,1.326360573596245,0.07961911088507517,-12.56950940987545,10.831142436109092,4.99613371078075,17.565643120656198,0.0,1.0
18.12,271.6960960243386,19.420342709062407,22.954382979703016,1.274483336347945,-0.099291064920531,-36.043545377563134,11.093005171943513,5.458244421076788,41.50178979863992,0.0,1.0
18.14,271.74176869318774,19.582024238559143,23.0707655823685,1.2954844187829229,0.15437645371475078,10.909180115197946,11.338621971911085,5.891685832784267,0.0,16.800865947982214,1.0
18.16,271.77586155684946,19.705156924697565,23.157685906321518,1.3006839998206832,0.10558935099361329,2.0798324151041,11.620017927082733,6.388266930145999,4.308434515041899,8.4680993452501,1.0
18.18,271.82346197734887,19.86416951296506,23.27910777096431,1.2799359565171387,0.026032009575374614,-9.657660614122197,11.933105282937632,6.940774028713468,16.598434642835663,0.0,1.0
18.2,271.87120188606,20.037777594301545,23.400959036501888,1.3024425058379347,0.14163613610563172,10.675361786582869,12.153597346363908,7.329877670053955,0.0,18.005239456636822,1.0
18.22,271.9102833691256,20.191326414516112,23.50076456362228,1.3215666394891392,0.1311622958636301,7.6496534604817485,12.489255730438591,7.922215994891633,0.2725625344098841,15.571869455373381,1.0
18.240000000000002,271.94917896073673,20.348656001597575,23.60014293788995,1.3284324200366127,0.10402658843172367,2.7463122189893436,12.591876788659597,8.103311979987524,5.35699976099818,10.849624198976867,1.0
18.26,271.9974256113651,20.526184210969625,23.723478261633556,1.3054364949832942,0.020233682718862195,-9.81692769782031,12.861893662072859,8.579812344834458,18.39674004265477,0.0,1.0
18.28,272.14254574314697,20.96034237951156,24.094877545459582,1.2482152729640446,-0.17262476215613518,-36.61361204129347,13.192573825326846,9.163365574106198,45.77697761539967,0.0,1.0
18.3,272.3833162724701,21.52999766162011,24.71239047386548,1.1709093073726942,-0.32589613391243916,-52.30585379220295,13.405387252497198,9.538918680877408,61.84477247308036,0.0,1.0
18.32,272.4669194244897,21.744865357941823,24.927171883806906,1.1997292261437789,0.03369624961556017,12.965434274564283,13.717950420638648,10.090500742303497,0.0,23.055935016867778,1.0
18.34,272.54720867960134,21.945455459515184,25.13360500184716,1.1900612726124198,-0.05739303634572777,-3.867181412543613,14.121754404032924,10.803096007116924,14.670277419660536,6.935914594573311,1.0
18.36,272.6355654405062,22.149734595915746,25.360960700115832,1.1625654165189345,-0.10744577577258968,-10.998342437394067,14.306116765891035,11.128441351572416,22.126783788966485,0.1300989141783493,1.0
18.38,272.82117631451734,22.52394733609067,25.839146673400677,1.1103509292661728,-0.24512734779590692,-30.15944018646038,14.580218115591027,11.61214961574887,41.77158980220925,0.0,1.0
18.400000000000002,272.9818943468576,22.816619675080727,26.253790728296778,1.0686137710747712,-0.22369994400151355,-21.397139057500873,14.795799580851593,11.992587495620459,33.389726553121335,0.0,1.0
18.42,273.1996158405703,23.168628344967072,26.816283679286585,1.0168763401585854,-0.29349659963269753,-28.579264015485418,15.25938573989578,12.810680717463143,41.389944732948564,0.0,1.0
18.44,273.34346653492804,23.398216821472033,27.18837019056295,1.0110768179813476,-0.1522392072309269,-2.319808870895153,15.676393185966973,13.546576210529953,15.866385081425106,11.2267673396348,1.0
18.46,273.56552561234264,23.802732265730707,27.763350546898447,1.068758999278144,0.07705086704245562,32.0247572421209,16.00189308401251,14.120987795316196,0.0,46.145745037437095,1.0
18.48,273.7026064944262,24.063199671347487,28.11861052369578,1.0863401229675402,-0.03865768802876728,7.032449475758488,16.3395564218279,14.716864273813943,7.684414798055455,21.74931374957243,1.0
18.5,273.83746880521704,24.336703534510097,28.46831999212025,1.1126911271651925,-0.0022524306210716695,10.540401679060894,16.640143315524604,15.247311733278714,4.70691005421782,25.787713412339606,1.0
18.52,273.9703914661769,24.620480051267172,28.813164908930226,1.1327417252576384,-0.0015956014109761894,8.020239236978348,16.878671475316434,15.668243779970176,7.648004542991828,23.688483016948524,1.0
18.54,274.1261433687922,25.003310034372056,29.217407611398972,1.184404310113055,0.12313630838922832,25.089661009954774,17.202897228814493,16.240406874378515,0.0,41.33006788433329,1.0
18.56,274.27891330580337,25.453832567721992,29.614049477420657,1.2438692691633282,0.19494371726200768,30.868962154156282,17.465036215435283,16.703005086062262,0.0,47.57196724021854,1.0
18.580000000000002,274.38721517404383,25.781084587648117,29.89529731209628,1.2511983291757125,0.051490632668934215,2.9316240049536875,17.766709156864067,17.23536910034835,14.303745095394664,20.166993105302037,1.0
18.6,274.501498361107,26.114786711954874,30.192113050800256,1.2408448423027079,0.006890031297503607,-4.141394749201886,17.993988621348667,17.63645050826235,21.777845257464236,13.495055759060463,1.0
18.62,274.619853310743,26.465741661063028,30.499523365106878,1.2455367103575843,0.038895691205375664,1.8767472219505406,18.493944172656583,18.518725010570442,16.6419777886199,20.395472232520984,1.0
18.64,274.7709432122373,27.061286873505463,30.891955861372498,1.3223382258859113,0.302462146503363,42.03659278990907,18.995951125226448,19.404619632752556,0.0,61.44121242266163,1.0
18.66,274.869448292982,27.60419753431075,31.147788164866512,1.3913100539831214,0.30837194547183716,35.040715885604854,19.41082306889247,20.136746592163178,0.0,55.17746247776803,1.0
18.68,274.95789255428764,28.00722076787071,31.377466936835038,1.3547687673921704,0.023230618058010077,-14.616514636380334,19.690723172728077,20.630687951873078,35.247202588253415,6.014173315492744,1.0
18.7,275.062885369395,28.42792424369383,31.650078861121315,1.3262272243577993,0.018721081280683703,-11.41661721374843,20.28552759397262,21.68034281289286,33.09696002664129,10.263725599144431,1.0
18.72,275.1602018771186,28.979923309609664,31.902707870585207,1.3962911986339321,0.2940354869565494,33.69144193645526,20.67051790785554,22.359737484450953,0.0,56.051179420906216,1.0
18.740000000000002,275.216178997426,29.478644245355706,32.04799492921834,1.4590227708470782,0.28779733847205735,26.856313348037304,21.21973517273843,23.328944422479587,0.0,50.18525777051689,1.0
18.76,275.28189911302064,29.962514411617562,32.218541118484985,1.4358005989221063,0.07884778303539149,-9.288868769988728,21.835531675956286,24.415644134040505,33.70451290402923,15.126775364051777,1.0
18.78,275.3423633663123,30.45304719182184,32.375418143624,1.4481525531370907,0.1521469485962892,4.940781685993768,22.003614477472894,24.71226084259922,19.77147915660545,29.65304252859299,1.0
18.8,275.40845962856713,30.95781499528046,32.54687154381766,1.4405932267251351,0.09936024836030685,-3.023730564782202,22.42384441968027,25.453843093553424,28.477573658335626,22.43011252877122,1.0
18.82,275.4545556507026,31.484121731453396,32.666420306709284,1.4834353036883305,0.22058912693192007,17.136830785278132,22.96910960737525,26.416075777721026,9.279244992442894,43.552906562999155,1.0
18.84,275.47840334213873,32.03417947761389,32.728260408599546,1.5274685731364528,0.2391975501523541,17.61330777924892,23.59960971270342,27.5287230224178,9.91541524316888,45.14203080166672,1.0
18.86,275.4916578228038,32.59798707389179,32.76262845768184,1.5472917841277236,0.19103221013768096,7.929284396508354,23.978962254915608,28.19816868514519,20.268884288636837,36.12745308165354,1.0
18.88,275.4930186263323,33.17688391820484,32.766156834166104,1.5684456471610826,0.19657583329097614,8.461545213343623,24.402122572076756,28.944922186017806,20.483376972674183,37.40646739936143,1.0
18.900000000000002,275.4811386740971,33.77676629562135,32.73535310355176,1.5905975411315132,0.20180681137823056,8.86075758817228,25.10387042745375,30.0,21.13924241182772,38.86075758817228,1.0
18.92,275.46395067063577,34.37652005554038,32.6907834751501,1.5994469187399543,0.16995037681161698,3.5397510433764325,25.38436173111232,30.0,26.460248956623566,33.539751043376434,1.0
18.94,275.4336165096222,34.9757527638229,32.612117772917024,1.621374823912813,0.2002351688214064,8.771162069143442,26.079576239772518,30.0,21.228837930856557,38.77116206914344,1.0
18.96,275.3830361752099,35.573616987347556,32.48092789497561,1.6551970529816677,0.234289134015492,13.528891627541944,26.481375474880924,30.0,16.471108372458055,43.528891627541945,1.0
18.98,275.30009275577515,36.16785632395569,32.26574843591422,1.7094794811316638,0.2966565033580146,21.712971259998454,26.989460269645797,30.0,8.287028740001546,51.712971259998454,1.0
19.0,275.21602931285565,36.76193825228251,32.047606455803475,1.7113645322305375,0.1781623262286071,0.7540204395494792,27.464942896249248,30.0,29.24597956045052,30.75402043954948,1.0
19.02,275.12084068400577,37.35433940432197,31.800534802459467,1.7301171972903457,0.213334287592132,7.501066023923258,27.920036875550974,30.0,22.498933976076742,37.50106602392326,1.0
19.04,275.0549424616276,37.95070961173293,31.629457102001822,1.6808487133579417,0.03530684384735554,-19.707393572961642,28.488262456066515,30.0,49.70739357296164,10.292606427038358,1.0
19.06,275.0503644073908,38.78734052098923,31.61757118888815,1.5762682840146889,-0.22150551711081778,-53.66434347460225,29.074730291828537,30.0,83.66434347460225,0.0,1.0
19.080000000000002,275.0678940711159,39.38708439206228,31.663082523022343,1.541576062604188,-0.03683492635547835,-13.87688856420036,29.69960654692798,30.0,43.87688856420036,16.12311143579964,1.0
19.1,275.11746663317973,39.985033019529915,31.791776062923407,1.4880811019958535,-0.10702806104013819,-21.397984243333738,30.35961859566079,30.0,51.39798424333374,8.602015756666262,1.0
19.12,275.2337429132999,40.666143362475665,32.09357709879423,1.401710581798506,-0.2522385764122422,-39.09641615787805,30.95455051418936,30.0,69.09641615787805,0.0,1.0
19.14,275.41459231932686,41.35214049240856,32.5627776860514,1.3130311582817882,-0.3145522332528487,-40.94353881337427,31.63527244026978,30.0,70.94353881337426,0.0,1.0
19.16,275.6312972169196,41.966356823581634,33.12458835401488,1.2316156812019892,-0.32627833137542217,-35.132381663839254,32.263671460670096,30.0,65.13238166383925,0.0,1.0
19.18,275.9438125549149,42.64348460308766,33.93375860891284,1.1383948524654375,-0.4276985799106627,-44.57666298924131,32.7062086699355,30.0,74.57666298924131,0.0,1.0
19.2,276.38797579172825,43.38390708631368,35.081044798704134,1.030466459349109,-0.5541137110639501,-56.34271449306265,33.34253574916908,30.0,86.34271449306266,0.0,1.0
19.22,276.87857740595996,44.03919812599464,36.34338485972812,0.928142197611229,-0.5863591425004591,-51.85940939030411,34.12840469040262,30.0,81.85940939030411,0.0,1.0
19.240000000000002,277.34197951574134,44.55747387663106,37.52977946685328,0.8412378618225669,-0.5580548683680399,-39.523468630929656,34.8585736129739,30.0,69.52346863092966,0.0,1.0
19.26,277.8534241196203,45.03735728064548,38.83098935926046,0.7535716211454485,-0.5958713002823204,-40.13299254169472,35.559109871566804,30.0,70.13299254169472,0.0,1.0
19.28,278.34877056064425,45.43328051670728,40.08159799728282,0.6743051298123377,-0.5845876713788904,-33.41319306648863,36.18627393682773,30.0,63.41319306648863,0.0,1.0
19.3,278.83697323590405,45.782075797451114,41.30346355018755,0.6203567416553087,-0.5294469594897663,-21.579355262811582,36.97592503310095,30.0,51.57935526281158,8.420644737188418,1.0
19.32,279.2992716525094,46.16802763872743,42.44945008735138,0.6956352505593666,-0.1963639934106058,30.222807123246277,37.3547674161076,30.0,0.0,60.22280712324628,1.0
19.34,279.7353795029549,46.58010765860193,43.51960653043834,0.7570773077704473,-0.1731239145916473,24.576822884432286,38.0112898315438,30.0,5.423177115567714,54.57682288443229,1.0
19.36,280.1601920984474,47.00382249042983,44.55093320907891,0.7841044361509586,-0.213569723181079,10.810851352204487,38.78179582122697,30.0,19.189148647795513,40.81085135220449,1.0
19.38,280.57102845632653,47.44110213441592,45.537067273197735,0.8165669213878883,-0.16994006258562797,12.984994094771912,39.600020749092664,30.0,17.015005905228087,42.98499409477191,1.0
19.400000000000002,280.94863269173806,47.907379992993036,46.43298904154243,0.8900921813812747,-0.03189139075141121,29.41010399735453,40.03382513999889,30.0,0.5898960026454709,59.410103997354526,1.0
19.42,281.31795803794296,48.38024232882727,47.29899807236073,0.9077225092320215,-0.12853315177663177,7.052131140298728,40.48735754140817,30.0,22.947868859701273,37.05213114029873,1.0
19.44,281.6735096313877,48.863546647449546,48.12259596978174,0.9365308766600103,-0.08074962547260363,11.52334697119556,40.872081040409405,30.0,18.476653028804442,41.52334697119556,1.0
19.46,281.99745244398525,49.3685823433824,48.86392218464986,1.0004724558847955,0.034415721693434785,25.57663168991407,41.55644231595821,30.0,4.42336831008593,55.576631689914066,1.0
19.48,282.3010957239764,49.88607703757378,49.55062425205765,1.0401717482871369,0.010690055713148768,15.879716960936534,42.23719123240735,30.0,14.120283039063466,45.879716960936534,1.0
19.5,282.59391390163313,50.40977305133921,50.20507659522515,1.0609646966537423,-0.013611216562578065,8.3171793466422,42.77655487729946,30.0,21.6828206533578,38.3171793466422,1.0
19.52,282.8583241309204,50.94837051758673,50.78926553589246,1.1144361335531385,0.0861379418126273,21.388574759758477,43.38462487107681,30.0,8.611425240241523,51.38857475975848,1.0
19.54,283.09688820755645,51.498904060015136,51.310673642084254,1.1618891988812783,0.10039320485879136,18.981226131255866,43.98706289809942,30.0,11.018773868744134,48.981226131255866,1.0
19.56,283.32782892164937,52.05267873131587,51.81015804169955,1.1756955644476734,0.03756902136730616,5.522546226558056,44.78330354727286,30.0,24.477453773441944,35.522546226558056,1.0
19.580000000000002,283.5535282870146,52.608610198741246,52.29318679656217,1.1851418666168534,0.03290479462195343,3.7785208676719657,45.32556963079507,30.0,26.221479132328035,33.778520867671965,1.0
19.6,283.7640185438053,53.17047659905024,52.73900585852024,1.2123528151339051,0.0835781566878619,10.884379406820704,45.8873474967576,30.0,19.115620593179294,40.884379406820706,1.0
19.62,284.0205565130749,53.72311637691494,53.27614053724336,1.136192780733136,-0.17717006006931837,-30.92802752061535,46.35817869779433,30.0,60.928027520615345,0.0,1.0
19.64,284.2845154749247,54.26193514650186,53.82153006086294,1.1152738179986736,-0.07042002494694244,-8.367585093784948,47.04759812629716,30.0,38.367585093784946,21.632414906215054,1.0
19.66,284.55602903745694,54.79698690601776,54.374644017067276,1.101204196279561,-0.062444818989344494,-5.62784868764514,47.63574575502683,30.0,35.62784868764514,24.37215131235486,1.0
19.68,284.80877241021705,55.341156720989005,54.882176207054194,1.135985371784027,0.059549704378162926,13.912470201786412,48.229126660867436,30.0,16.087529798213588,43.91247020178641,1.0
19.7,285.05001086838496,55.89052363508265,55.35986518404494,1.1570262565202907,0.04283203815420183,8.416353894505521,48.798212511040845,30.0,21.58364610549448,38.41635389450552,1.0
19.72,285.29691103575726,56.437369415309156,55.84181861171952,1.146696766828413,-0.02811305545361179,-4.131795876751119,49.423249343393195,30.0,34.13179587675112,25.86820412324888,1.0
19.740000000000002,285.552105239948,56.980394201251244,56.33244145699857,1.131476837107539,-0.04630350266506994,-6.087971888349617,50.22015455764742,30.0,36.087971888349614,23.912028111650383,1.0
19.76,285.7819475264536,57.534625672149346,56.76766706188023,1.1776782740837597,0.10695349572321966,18.48057479048825,50.737865923199166,30.0,11.519425209511748,48.48057479048825,1.0
19.78,286.008079138583,58.090381458440206,57.18960932424787,1.1843642257094882,0.027577715147542373,2.6743806502914307,51.2513061550319,30.0,27.325619349708568,32.67438065029143,1.0
19.8,286.19791444684864,58.686686440928895,57.538966165280335,1.2625883704400658,0.225987932728691,32.57931578446214,51.60230886846871,30.0,0.0,62.57931578446214,1.0
19.82,286.4101395571961,59.247899860706084,57.92420631457752,1.2092633603224967,-0.08638049174752221,-21.33000404702762,52.35793547512182,30.0,51.33000404702762,8.669995952972378,1.0
19.84,286.6400235925163,59.80211401633991,58.33508202839931,1.1776029455091233,-0.05994105061637025,-12.664165925349394,53.00369277614901,30.0,42.664165925349394,17.335834074650606,1.0
19.86,286.87747877488175,60.35312675336854,58.75238644488705,1.1639025394312394,-0.03049201152773751,-5.480162431153525,53.515982065312365,30.0,35.48016243115352,24.519837568846476,1.0
19.88,287.1212236746979,60.90138620272953,59.17313560916191,1.1524592428712686,-0.03204372889797301,-4.577318623988396,54.37275355005374,30.0,34.5773186239884,25.422681376011603,1.0
19.900000000000002,287.3821271482012,61.44169109583518,59.61484731734905,1.120936709633373,-0.09051747646617347,-12.60901329515821,54.97402011066754,30.0,42.609013295158206,17.39098670484179,1.0
19.92,287.6392921465114,61.98378533454662,60.04135468975777,1.1278444393563147,-0.0056710509583333055,2.7630918891766254,55.51563682241916,30.0,27.236908110823375,32.76309188917663,1.0
19.94,287.89402871267475,62.52702495189729,60.45503662063134,1.1323194275467383,-0.007393086599392743,1.7899952761694116,55.99118268264752,30.0,28.21000472383059,31.78999527616941,1.0
19.96,288.15417008407076,63.0676971879962,60.86834870262431,1.1223467338798454,-0.04207207577951735,-3.989077466757168,56.530410560980606,30.0,33.989077466757166,26.010922533242834,1.0
19.98,288.4510187758695,63.58911914205776,61.32855218433615,1.0532517029348964,-0.2012539948891987,-27.63801237797961,57.20221155172859,30.0,57.63801237797961,2.36198762202039,1.0
20.0,288.7889497402803,64.09044073874668,61.83742890755309,0.977678820065284,-0.253917489762796,-30.45830629569004,57.74350931765824,30.0,60.458306295690036,0.0,1.0
20.02,289.15289799744363,64.56745401540444,62.36736382627913,0.9190440581498117,-0.2439433169663096,-23.45390476618889,58.216255530224956,30.0,53.45390476618889,6.5460952338111085,1.0
20.04,289.5968609030624,65.05902842698315,62.98800238996604,0.836246444989351,-0.35259586572491153,-36.23809052836863,58.701451068570655,30.0,66.23809052836863,0.0,1.0
20.06,290.15938492159506,65.57363995643618,63.733026182498044,0.7409460730009548,-0.45789783945885465,-46.24029759071691,59.35180616791178,30.0,76.2402975907169,0.0,1.0
20.080000000000002,290.6252572562338,65.95174439679396,64.31452680689175,0.6817773735304279,-0.3604518968706167,-23.66747978821079,60.08355968471371,30.0,53.66747978821079,6.332520211789209,1.0
20.1,291.20392586355393,66.34294873993711,64.99138265422289,0.5944652363450794,-0.4851830783025411,-39.84970974827878,60.68812823210836,30.0,69.84970974827877,0.0,1.0
20.12,291.69092990085,66.6934156679879,65.52156105701852,0.6237850315720515,-0.185872497550794,11.727918090788815,61.395501965399724,30.0,18.272081909211185,41.72791809078882,1.0
20.14,292.16748849113975,67.05795909478509,66.00511710581252,0.6530005637703715,-0.15673447369557666,11.686212879328046,61.7794276978384,30.0,18.313787120671954,41.686212879328046,1.0
20.16,292.67393142348715,67.51910482264753,66.48049434690698,0.7386177920719087,0.04647364622320836,38.493782641229714,62.424771799936636,30.0,0.0,68.49378264122971,1.0
20.18,293.1117669829561,67.92934868044982,66.85931743887899,0.7528752980072394,-0.10790915651030927,5.703002374132284,63.07127958054246,30.0,24.296997625867718,35.70300237413228,1.0
20.2,293.56993757402176,68.3167499059029,67.22367637333629,0.7018986713000509,-0.26351044101512716,-20.390650682875396,63.49190343643423,30.0,50.390650682875396,9.609349317124604,1.0
20.22,294.04677402892185,68.6809298000189,67.56797446573509,0.6522379571984291,-0.278881344273231,-19.864285640648685,64.12858135018897,30.0,49.86428564064869,10.135714359351315,1.0
20.240000000000002,294.5395429410717,69.02324368991911,67.88632789000187,0.6071427064752812,-0.2840200867695926,-18.038100289259177,64.50122727347029,30.0,48.03810028925918,11.961899710740823,1.0
20.26,295.03895649597024,69.35578857588733,68.17015209608995,0.5874513924374016,-0.23131375852221872,-7.876525615151864,65.2359855562542,30.0,37.87652561515186,22.123474384848137,1.0
20.28,295.56096041720156,69.65161268954122,68.42512787721469,0.5155807511215353,-0.3680580413007624,-28.74825652634652,65.81148192827831,30.0,58.74825652634652,1.2517434736534803,1.0
20.3,296.09378464598655,69.92747196747055,68.64161734660492,0.4777310744666269,-0.30562153594538544,-15.13987066196339,66.37394613193923,30.0,45.139870661963386,14.86012933803661,1.0
20.32,296.6377935393519,70.18056152462263,68.81729658201476,0.4354472188481133,-0.32508042114987623,-16.91354224740543,66.90328744414693,30.0,46.91354224740543,13.08645775259457,1.0
20.34,297.19731860084084,70.39719879188239,68.95056360122267,0.3694065858619756,-0.39694663269104785,-26.416253194455074,67.36824585138942,30.0,56.416253194455074,3.5837468055449264,1.0
20.36,297.7673712571406,70.58438845250922,69.03739006127502,0.3172792504824931,-0.38171482060405393,-20.850934151793005,67.95616414017233,30.0,50.850934151793005,9.149065848206995,1.0
20.38,298.34853041888186,70.73356629511403,69.07569669153604,0.25126531229092647,-0.4310091239571098,-26.405575276626656,68.5618300993367,30.0,56.40557527662666,3.5944247233733435,1.0
20.400000000000002,298.93291661145577,70.86955444874877,69.06387471147934,0.22863363014454244,-0.3366828318792904,-9.052672858553615,69.04299701621862,30.0,39.05267285855361,20.947327141446387,1.0
20.42,299.5211089472446,70.98800180464696,69.00190850916529,0.19871752801430806,-0.3518755311524986,-11.966440852093752,69.42053456659572,30.0,41.966440852093754,18.033559147906246,1.0
20.44,300.11354821767895,71.08295290178255,68.88975897164464,0.15891991909875525,-0.37778359704937803,-15.919043566221124,69.84988038484175,30.0,45.91904356622112,14.080956433778876,1.0
20.46,300.8828763817403,71.13114910913568,68.67154416879144,0.06256537373201135,-0.586842432665645,-47.08363629339512,70.29626258221529,30.0,77.08363629339512,0.0,1.0
20.48,301.4828749350729,71.13246668219308,68.44609997269447,0.002195956860581501,-0.4810940293987647,-24.147766748571936,70.81498492728001,30.0,54.14776674857194,5.852233251428064,1.0
20.5,302.1025163344623,71.08560688554127,68.16413051555773,-0.07548038529666229,-0.5461596784640088,-32.14107372579504,70.970220804523,30.0,62.14107372579504,0.0,1.0
20.52,302.8711630810949,70.9512744645083,67.74753722664441,-0.1730174792380113,-0.6723540369628036,-48.0296751530792,71.1964907054046,30.0,78.0296751530792,0.0,1.0
20.54,303.62082842985023,70.74359257866536,67.27312185235587,-0.27025509901809547,-0.7119285957658127,-47.79009582406732,71.58293110530236,30.0,77.79009582406732,0.0,1.0
20.56,304.19013871687497,70.55415710920991,66.87007211347708,-0.3212214638627925,-0.5710730749695228,-20.38654593787881,71.95085921843753,30.0,50.38654593787881,9.613454062121189,1.0
20.580000000000002,304.751058764337,70.34115781260266,66.43858597339943,-0.36291281327234864,-0.5483091293972947,-16.676539763822458,72.22439833247718,30.0,46.67653976382246,13.323460236177542,1.0
20.6,305.3116160681921,70.12720569390616,65.97490333957309,-0.3646120394918889,-0.4403000124595342,-0.6796904878161136,72.55946404553546,30.0,30.679690487816114,29.320309512183886,1.0
20.62,305.85699127541,69.87707396190874,65.4942001806391,-0.43001696172434023,-0.5836490085702151,-26.161968892980518,72.66046725498434,30.0,56.16196889298052,3.838031107019482,1.0
20.64,306.3952838902483,69.6120436602251,64.99268610276638,-0.45751179142013126,-0.49462553364453066,-10.997931878316411,72.72394820939738,30.0,40.99793187831641,19.00206812168359,1.0
20.66,306.9286474223044,69.29593542846693,64.47079325261673,-0.5350118994354346,-0.6224849630857101,-32.000086412242695,72.94366956046221,30.0,62.000086412242695,0.0,1.0
20.68,307.4251077525116,68.95899754022862,63.96403894924258,-0.5962737420181458,-0.5910300853176652,-24.50473703308446,72.99176235416785,30.0,54.50473703308446,5.49526296691554,1.0
20.7,307.9040194858511,68.59755106885319,63.45726083301534,-0.6465180085308354,-0.5692664425142433,-20.097706605075867,73.09532965163352,30.0,50.09770660507587,9.902293394924133,1.0
20.72,308.37377385377954,68.18140010178783,62.94419840157014,-0.7249649246566128,-0.6532139284258661,-32.75753290062191,73.19068888037916,30.0,62.75753290062191,0.0,1.0
20.740000000000002,308.8851747768084,67.6349506635459,62.36897554571226,-0.818517875290676,-0.7494251791684294,-44.84236050725058,73.15044347294494,30.0,74.84236050725059,0.0,1.0
20.76,309.356328122809,67.02243567055416,61.82485752358311,-0.9151130430728276,-0.7968609135629546,-47.27613422572129,73.06443670815315,30.0,77.2761342257213,0.0,1.0
20.78,309.694615732538,66.5042068125299,61.426463960834674,-0.9924717505846248,-0.728949493173938,-31.88696600943779,73.07501115217595,30.0,61.886966009437785,0.0,1.0
20.8,310.02155851411527,65.89386390995335,61.035756375933,-1.0790210538341896,-0.7884927271773645,-39.23944259965178,72.86689950700544,30.0,69.23944259965178,0.0,1.0
20.82,310.279387053408,65.3520849473439,60.72396641498664,-1.126620050933676,-0.676374169056202,-19.0395988397945,72.75424704574544,30.0,49.0395988397945,10.9604011602055,1.0
20.84,310.5070689669495,64.7549917789105,60.446103911331754,-1.2064987974756733,-0.766960506510619,-33.90299723359805,72.74180835691399,30.0,63.90299723359805,0.0,1.0
20.86,310.68959102183663,64.18342752226059,60.22173478368685,-1.2616942146819705,-0.7021040575890829,-22.0781668825189,72.41382031146206,30.0,52.0781668825189,7.9218331174811,1.0
20.88,310.8360006408225,63.60156480351292,60.040765799886,-1.3242914036897602,-0.718284013434136,-25.03887560311588,72.07104625942492,30.0,55.03887560311588,4.96112439688412,1.0
20.900000000000002,310.9826770128097,63.019769270786284,59.85861985508474,-1.3238329306004866,-0.553904176821206,0.1833892357093987,71.66768620192687,30.0,29.8166107642906,30.1833892357094,1.0
20.92,311.146597070065,62.442594934186495,59.65410031249351,-1.2940782087731784,-0.44579316747306624,11.901888730923263,71.4145705058221,30.0,18.09811126907674,41.90188873092326,1.0
20.94,311.33708178079326,61.873634852125555,59.41522681158804,-1.2477312921881252,-0.35778467216887294,18.538766634021258,71.19000413230256,30.0,11.461233365978742,48.53876663402126,1.0
20.96,311.51972223392625,61.30210841802178,59.1850372905514,-1.2614870600854717,-0.4646334527467458,-5.502307158938642,70.75001593772066,30.0,35.50230715893864,24.497692841061358,1.0
20.98,311.6961595255485,60.7286366383107,58.96165899376881,-1.2723221875960151,-0.4398398600899246,-4.334051004217331,70.57337243238841,30.0,34.33405100421733,25.66594899578267,1.0
21.0,311.9068998302306,60.16686397612206,58.69364137263089,-1.211907747147949,-0.23559122281279052,24.165776179226484,70.27954556548016,30.0,5.834223820773516,54.165776179226484,1.0
21.02,312.1588811648,59.6223408755757,58.37158358651715,-1.1373852854885966,-0.14570034158691914,29.80898466374088,69.8543890680414,30.0,0.19101533625912026,59.80898466374088,1.0
21.04,312.4190026497376,59.08165907167081,58.03748437298819,-1.1223835145412155,-0.244373348815926,6.000708378952419,69.63616939405472,30.0,23.999291621047583,36.00070837895242,1.0
21.06,312.71733709833524,58.561085775409914,57.65250741013477,-1.0503999513716709,-0.07145026631033558,28.793425267817874,69.48277006321169,30.0,1.2065747321821263,58.793425267817874,1.0
21.080000000000002,313.07626502514216,58.03629649552548,57.18719564718816,-0.9709257962838034,0.011264873174990529,33.579324070294,69.22125561677551,30.0,0.0,63.579324070294,1.0
21.1,313.4324223354855,57.55343836906493,56.72363769013377,-0.9352770154229382,-0.06059600028612046,14.259512344346096,68.89841413521057,30.0,15.740487655653904,44.25951234434609,1.0
21.12,313.8053068920332,57.08337762034383,56.23688936794829,-0.9001732329500234,-0.03502609264864288,14.041512989165916,68.71451668419157,30.0,15.958487010834084,44.041512989165916,1.0
21.14,314.1936351181098,56.62599245570446,55.72904082395688,-0.866872655267387,-0.01453158579970239,13.320231073054543,68.58171532383807,30.0,16.679768926945457,43.32023107305454,1.0
21.16,314.6145027164601,56.19835889217273,55.17828208125459,-0.7933720143315884,0.11362438850061748,29.40025637431941,68.37895050145607,30.0,0.5997436256805884,59.40025637431941,1.0
21.18,315.04505518054617,55.780477837721335,54.6152800266844,-0.7704642088346243,0.02321581351582581,9.163122198785675,68.08709063548112,30.0,20.836877801214325,39.16312219878567,1.0
21.2,315.49218968827756,55.38038943249593,54.0319570531117,-0.7299253538008627,0.08336666161530437,16.215542013504667,67.96927689767399,30.0,13.784457986495333,46.21554201350467,1.0
21.22,315.93564889916473,54.97623113642948,53.455709426900626,-0.7390650151861557,-0.02454114065421425,-3.6558645541172305,67.91636303205712,30.0,33.65586455411723,26.34413544588277,1.0
21.240000000000002,316.3604720110567,54.552526848508755,52.90664082840088,-0.784079616320343,-0.12281196604140035,-18.005840453674878,67.95838989310988,30.0,48.00584045367488,11.994159546325122,1.0
21.26,316.7658259088483,54.1101602386192,52.38616077771131,-0.8290319073442142,-0.14498889588919517,-17.980916409548477,67.8649321545951,30.0,47.98091640954848,12.019083590451523,1.0
21.28,317.1707852103812,53.667432371750664,51.870197882134676,-0.8299235550561109,-0.050678942315412215,-0.356659084758707,67.89033053553585,30.0,30.356659084758707,29.643340915241293,1.0
21.3,317.584694229429,53.23306003843405,51.34764689698305,-0.809516748792832,0.007617960293371924,8.162722505311566,67.97160290234157,30.0,21.837277494688436,38.162722505311564,1.0
21.32,318.00482917465746,52.804706647181156,50.82290176396956,-0.7950838463608003,0.005197251101194781,5.773160972812671,68.05573513756445,30.0,24.226839027187328,35.77316097281267,1.0
21.34,318.4285944064915,52.37994432742029,50.30010055710264,-0.7865732430586908,-0.0008641476453491203,3.40424132084382,67.87706519944274,30.0,26.59575867915618,33.40424132084382,1.0
21.36,318.8219688205176,51.926891824514044,49.8212146149447,-0.8557875772730567,-0.19847637741688606,-27.685733685746325,67.84331454770313,30.0,57.68573368574633,2.3142663142536755,1.0
21.38,319.19630009408996,51.45798234750841,49.371754461061705,-0.8970917382652129,-0.15935289233280447,-16.521664396862505,67.69479827896247,30.0,46.521664396862505,13.478335603137495,1.0
21.400000000000002,319.55067696363784,50.97381601831,48.952276190772956,-0.9389593189536612,-0.17869264346936922,-16.747032275379315,67.76363190357867,30.0,46.74703227537931,13.252967724620685,1.0
21.42,319.921969969217,50.50249711988987,48.51946759695062,-0.9035545455945935,0.0064891720631254785,14.161909343627089,67.68567113415465,30.0,15.838090656372911,44.16190934362709,1.0
21.44,320.3012858717856,50.0376106326066,48.08480130003752,-0.8864157836824914,-0.018226747930033097,6.855504764840834,67.55144745521577,30.0,23.144495235159166,36.85550476484083,1.0
21.46,320.6657794225517,49.56101389379073,47.67464819221765,-0.9179004175955668,-0.13301165304223797,-12.593853565230166,67.38417326213016,30.0,42.59385356523016,17.406146434769834,1.0
21.48,321.0069452776643,49.067449450880495,47.297756347441045,-0.9659815032068371,-0.18936654142548195,-19.232434244508106,67.55959556171064,30.0,49.232434244508106,10.767565755491894,1.0
21.5,321.3530612069967,48.577343581233606,46.92262533262086,-0.9559170896063919,-0.05773360493285966,4.025765440178076,67.61389208638978,30.0,25.974234559821923,34.02576544017808,1.0
21.52,321.70920117484894,48.094472663390945,46.544533060538456,-0.9353129312757769,-0.020024800266588736,8.241663332246024,67.53413121034356,30.0,21.758336667753976,38.24166333224602,1.0
21.54,322.060133853331,47.60780413638989,46.180100633861414,-0.9460546072912847,-0.08719269548915522,-4.296670406203097,67.38091472274675,30.0,34.2966704062031,25.7033295937969,1.0
21.56,322.39037694723095,47.106865518462094,45.84477402503559,-0.9879468896859112,-0.17062443607633926,-16.7569129578506,67.42842932785237,30.0,46.7569129578506,13.243087042149401,1.0
21.580000000000002,322.6957739984279,46.59040386342835,45.54144675110486,-1.0367794009694067,-0.2064018306391565,-19.533004513398243,67.52688785543279,30.0,49.53300451339824,10.466995486601757,1.0
21.6,322.9662412511402,46.05482243618292,45.27838234539459,-1.1031587583083742,-0.27249771649900706,-26.551742935586994,67.7233541785755,30.0,56.551742935586994,3.4482570644130064,1.0
21.62,323.20677224061166,45.50514540091231,45.048923640598886,-1.1583136820124647,-0.2710555173365295,-22.06196948163622,67.59170467859221,30.0,52.06196948163622,7.938030518363782,1.0
21.64,323.4517905751677,44.95745386753666,44.81960923091623,-1.1501353539622066,-0.1258962433874073,3.2713312201032716,67.5117250679088,30.0,26.72866877989673,33.27133122010327,1.0
21.66,323.7113626386833,44.416508081119694,44.58162902159842,-1.1233994305176838,-0.06460701185540174,10.694369377809082,67.46485606596434,30.0,19.305630622190918,40.69436937780908,1.0
21.68,324.0100062468777,43.89611208259106,44.31424334750278,-1.0498059673046338,0.07951850861866187,29.437385285219978,67.49811426708558,30.0,0.5626147147800218,59.437385285219975,1.0
21.7,324.393695105095,43.34158305874069,43.980979542675115,-0.9655148443463354,0.175930698323683,37.43289836663877,67.21572942476914,30.0,0.0,67.43289836663877,1.0
21.72,324.7589930860361,42.86560261258737,43.67462426485343,-0.9162114626289005,0.111770436492373,19.721352686973958,67.13855809452403,30.0,10.278647313026042,49.72135268697396,1.0
21.740000000000002,325.13917698196116,42.40142570096934,43.36732425900728,-0.8845472500497175,0.09195227833767444,12.665685031673233,67.16772288419513,30.0,17.334314968326765,42.665685031673235,1.0
21.76,325.5478993257396,41.96216945946984,43.05030917682362,-0.8213904774724142,0.1903388507187202,25.26270903092128,66.94847281697211,30.0,4.737290969078721,55.26270903092128,1.0
21.78,325.9862207450403,41.5524447550863,42.72595641693334,-0.7516902287318347,0.23852697679253565,27.880099496231818,66.96942879741776,30.0,2.119900503768182,57.88009949623182,1.0
21.8,326.5022061687446,41.14412333223547,42.36516376491865,-0.6694399113089865,0.32302137460273267,35.80025393827853,66.9026699254859,30.0,0.0,65.80025393827853,1.0
21.82,327.0054542564539,40.8045739928756,42.035477536404905,-0.5935542662934842,0.3305853896233882,30.708516012401837,66.94386564746019,30.0,0.0,60.70851601240184,1.0
21.84,327.51874374562453,40.493874941852,41.72204484378261,-0.5443144681096902,0.29062993025577044,19.695919273517607,67.05487905754777,30.0,10.304080726482393,49.6959192735176,1.0
21.86,328.04606447538026,40.207635797132234,41.42424669879199,-0.49731242519156144,0.3011030750452301,18.800817167251495,67.35458304679426,30.0,11.199182832748505,48.800817167251495,1.0
21.88,328.58986033652343,39.95408883618892,41.142962724141974,-0.4362881855057369,0.35209777996813196,24.409695874329827,67.40409404982424,30.0,5.590304125670173,54.40969587432983,1.0
21.900000000000002,329.151095901543,39.74192229651499,40.88019756845277,-0.36142860418194367,0.40893395334022314,29.94383252951728,67.55030489333143,30.0,0.05616747048271975,59.94383252951728,1.0
21.92,329.72470492884133,39.56593171778468,40.6404985116103,-0.297695270148593,0.40629121365035614,25.493333613340276,67.85678423575732,30.0,4.506666386659724,55.493333613340276,1.0
21.94,330.2948747981958,39.37909938632063,40.43099673320873,-0.3166524795793559,0.20911667238736567,-7.582883772305162,68.21134046702048,30.0,37.58288377230516,22.417116227694837,1.0
21.96,330.86804596492806,39.20168796158488,40.24903274921148,-0.300173243322172,0.2781042896430265,6.591694502873562,68.68449500178745,30.0,23.408305497126438,36.591694502873565,2.0
21.98,331.4468549101737,39.04363668856369,40.09404631282576,-0.266564452471196,0.3185038497914467,13.443516340390413,69.0243278812143,30.0,16.556483659609587,43.44351634039042,2.0
22.0,332.02510705242975,38.88356026938723,39.96759076029913,-0.27006494887404536,0.22583747831288808,-1.4001985611397503,69.32732563040618,30.0,31.40019856113975,28.59980143886025,2.0
22.02,332.60128588460174,38.716174626762374,39.86921521355079,-0.2827276821923751,0.18721589579720008,-5.065093327331886,69.63885734402916,30.0,35.06509332733189,24.934906672668113,2.0
22.04,333.17859721053674,38.55273768801474,39.79761046157187,-0.2758811765244213,0.21981982703390893,2.7386022671815144,70.12458702709706,30.0,27.261397732818487,32.73860226718151,2.0
22.06,333.75980276138694,38.403740682471266,39.751979734183124,-0.2509541585576442,0.25963267869242623,9.970807186710836,70.42485028731099,30.0,20.029192813289164,39.970807186710836,2.0
22.080000000000002,334.41868853907357,38.29238398793892,39.73119517687975,-0.16742546013469106,0.4374925051918811,36.8229587383625,70.94193732891259,30.0,0.0,66.8229587383625,2.0
22.1,335.2904837309475,38.241530565467116,39.75175492711428,-0.05826582021799022,0.6078267966144221,57.327711933360675,71.37879238494776,30.0,0.0,87.32771193336067,2.0
22.12,336.0939106143234,38.275497376080224,39.81609231531971,0.04225225194088325,0.6227328527985593,50.41445772709878,71.63262476033836,30.0,0.0,80.41445772709878,2.0
22.14,336.69303341096344,38.34631972239687,39.89034343154998,0.11766403092296862,0.5392581439002032,30.32942318566829,72.28458592657537,30.0,0.0,60.32942318566829,2.0
22.16,337.29108901258826,38.39458458917553,39.9851708577794,0.08052845198966552,0.26325545091414493,-14.854231573321247,73.11691184588213,30.0,44.85423157332124,15.145768426678753,2.0
22.18,337.8900910087954,38.42917661918048,40.09927767198999,0.05768537034428192,0.26188444081227613,-9.137232658153437,73.56569998787954,30.0,39.13723265815344,20.862767341846563,2.0
22.2,338.48857401123644,38.47181575366013,40.23070927510797,0.07112517686452607,0.32752152476874585,5.375922608097663,74.19428205681146,30.0,24.624077391902336,35.37592260809766,2.0
22.22,339.08625418788915,38.524526344971136,40.377572415597534,0.0879643824490187,0.3271422417805519,6.735682233797053,74.62444808622094,30.0,23.264317766202947,36.73568223379705,2.0
22.240000000000002,339.68120751633063,38.60218287706225,40.537424919325474,0.1297916556457322,0.38553185652663724,16.730909278685402,75.26839151785636,30.0,13.269090721314598,46.7309092786854,2.0
22.26,340.26931563915065,38.72104765684634,40.706979094750295,0.1994272512237747,0.46440260972716196,27.854238231216993,75.83747433224329,30.0,2.1457617687830073,57.854238231216996,2.0
22.28,340.8501988375828,38.87129648306206,40.88386288541584,0.2531085898587351,0.4424829795162128,21.472535453984158,76.3899487655927,30.0,8.527464546015842,51.47253545398416,2.0
22.3,341.5021207835455,39.10156265134279,41.09119039454834,0.3395327556670493,0.5687567921706943,39.1393326466514,76.95462550377736,30.0,0.0,69.1393326466514,2.0
22.32,342.1931129269141,39.278280750266696,41.318201440195445,0.2503787957258636,0.07452846778984037,-41.323167952948616,77.57160848636829,30.0,71.32316795294861,0.0,2.0
22.34,342.7725003925213,39.43419792282089,41.51194142592311,0.26287924324110573,0.30611461507387666,5.0001790060968645,78.26075528157668,30.0,24.999820993903136,35.000179006096864,2.0
22.36,343.34473167771813,39.61461786695681,41.70426211870707,0.3054264405306922,0.376037587359724,17.018878915834573,78.84122425536155,30.0,12.981121084165427,47.01887891583458,2.0
22.38,344.0686763656311,39.92397513026416,41.9459197287507,0.4038354901906485,0.5906171066073027,48.72723972796508,79.52802144236742,30.0,0.0,78.72723972796507,2.0
22.400000000000002,344.6026424261723,40.19761768212726,42.12083331183271,0.4735752007247329,0.5011884376759861,27.89588421363376,80.08224379291727,30.0,2.10411578636624,57.895884213633764,2.0
22.42,345.14775798039227,40.44831477534423,42.29462035545143,0.4310538548166544,0.22505631712393698,-17.008538363231402,80.56688312094641,30.0,47.0085383632314,12.991461636768598,2.0
22.44,345.69302788336825,40.69867598022342,42.46192138286402,0.4304377638280269,0.29449561054667833,-0.2464363954510027,81.25746492365394,30.0,30.246436395451003,29.753563604548997,2.0
22.46,346.24622679983275,40.93099248592743,42.62321052975546,0.3975864420741864,0.193358323835836,-13.140528701536201,81.81525407269862,30.0,43.1405287015362,16.8594712984638,2.0
22.48,346.79007641818976,41.18442411894299,42.77175321456929,0.43607611653750505,0.34796047642232375,15.395869785327452,82.35898857557333,30.0,14.604130214672548,45.39586978532745,2.0
22.5,347.4470029954847,41.57049686768586,42.93550102525128,0.531322892670471,0.5554699937438377,46.19742090637271,83.03647162183239,30.0,0.0,76.19742090637271,2.0
22.52,347.947843605942,41.900888579017604,43.04709460660064,0.5831461440610137,0.43346516121158235,20.72930055621712,83.76323792284302,30.0,9.270699443782881,50.72930055621712,2.0
22.54,348.4307452596837,42.256986869962,43.14249094743792,0.6353970876055713,0.44440812893890436,20.90037741782305,84.4055843044251,30.0,9.099622582176949,50.90037741782305,2.0
22.56,348.93292924659403,42.58533309468652,43.227736588614725,0.5790675127353252,0.16957980028487674,-22.531829948098444,85.06704814235016,30.0,52.53182994809845,7.468170051901556,2.0
22.580000000000002,349.44894147464186,42.89148890551673,43.29917479142601,0.5354867150551822,0.15667849795012082,-17.432319072057215,85.68080305351154,30.0,47.43231907205721,12.567680927942785,2.0
22.6,349.9719566591226,43.185521415288285,43.35348574414949,0.5121519102185608,0.1724696049210646,-9.333921934648584,86.15263306150737,30.0,39.333921934648586,20.666078065351414,2.0
22.62,350.5020460502308,43.466600118563,43.38851777014125,0.48755197297893565,0.1443048712666606,-9.839974895850055,86.71606884287812,30.0,39.839974895850055,20.160025104149945,2.0
22.64,351.02828723247086,43.75481916393395,43.4019713511245,0.5010709101897972,0.2200036298377333,5.407574884344628,87.34452243946319,30.0,24.592425115655374,35.407574884344626,2.0
22.66,351.57221063662985,44.00809239664536,43.39210532553946,0.43578487875213173,0.010273697776297098,-26.1144125750662,88.00378203659129,30.0,56.1144125750662,3.8855874249337994,2.0
22.68,352.2762112735705,44.25899664041115,43.34111936096053,0.342362966477722,-0.15491921781042567,-44.737529819527765,88.69215486068725,30.0,74.73752981952777,0.0,2.0
22.7,352.8508480188754,44.431602002278495,43.2656041978545,0.29179895920880433,-0.05901413978332779,-20.225602907567083,89.44539218863733,30.0,50.22560290756708,9.774397092432917,2.0
22.72,353.4346477722961,44.57008610933026,43.15593753890954,0.2329068361825275,-0.11060227648673528,-23.556849210510727,89.79696461003616,30.0,53.55684921051073,6.443150789489273,2.0
22.740000000000002,354.0262837799453,44.66992014387223,43.009311803629025,0.16716755304096242,-0.160887597650013,-26.295713256626023,90.26919297374934,30.0,56.29571325662602,3.7042867433739772,2.0
22.76,354.6223201998735,44.738772058291175,42.8238999703332,0.11500654554175316,-0.15936704033524277,-20.8644029996837,90.99884968949704,30.0,50.864402999683705,9.135597000316299,2.0
22.78,355.22029397038665,44.788040402878075,42.598358213650585,0.08220646692165723,-0.13389796194719342,-13.120031448038375,91.70357439356474,30.0,43.120031448038375,16.879968551961625,2.0
22.8,355.8197271439775,44.814114727391306,42.331105174011476,0.043470897524809586,-0.16340895763376934,-15.494227758739054,92.46446273499238,30.0,45.49422775873906,14.505772241260946,2.0
22.82,356.4429610605089,44.79261730593238,42.008119416758205,-0.03447967313582714,-0.2900245586187034,-32.36045652850938,92.9808743415031,30.0,62.36045652850938,0.0,2.0
22.84,357.0423097423971,44.76466811061531,41.65286541421659,-0.04659885490356148,-0.14667068114693352,-4.847672707093737,93.59930027723944,30.0,34.847672707093736,25.152327292906264,2.0
22.86,357.6989595184514,44.679239004167954,41.212074031450214,-0.1293717992887649,-0.3517349892195203,-36.218355508162745,93.99872638336956,30.0,66.21835550816274,0.0,2.0
22.88,358.50856195290703,44.486776612179085,40.59253606531663,-0.2333923707372923,-0.5026204239765959,-53.21645715882191,94.60434523127586,30.0,83.21645715882191,0.0,2.0
22.900000000000002,359.08144696989444,44.30844333622829,40.102338168036326,-0.30178197948943253,-0.39234775280494355,-27.3558435008561,95.20263198173748,30.0,57.355843500856096,2.6441564991439,2.0
22.92,359.6404944592913,44.09057662330706,39.581917118568654,-0.3716048253331927,-0.41892992127847145,-27.929138337504074,95.85386552997426,30.0,57.92913833750407,2.0708616624959255,2.0
22.94,360.1870591798706,43.8430548945274,39.03249596151633,-0.4252364821745009,-0.39881218443341687,-21.452662736523262,96.38876784333563,30.0,51.452662736523266,8.547337263476738,2.0
22.96,360.7888462267754,43.50525336236513,38.38069522735016,-0.5115007495590858,-0.5265463584781913,-39.011413907667915,97.02315587416,30.0,69.01141390766792,0.0,2.0
22.98,361.354630498012,43.12065245999602,37.72279644757829,-0.5970166194022315,-0.5570270641207825,-38.412695874516636,97.32444386681968,30.0,68.41269587451663,0.0,2.0
23.0,361.8956549277438,42.67929136304296,37.052647875873674,-0.6842937508813425,-0.5979614492518167,-39.821705183288806,97.91283974296805,30.0,69.8217051832888,0.0,2.0
23.02,362.3651708772319,42.22791223924927,36.438504682433575,-0.7657059294294253,-0.5989713328904323,-35.12974283846619,98.16390696933823,30.0,65.1297428384662,0.0,2.0
23.04,362.7896400979298,41.74888542302198,35.85724477018273,-0.8457099146802337,-0.6155742571888122,-34.00318820064673,98.49120962033616,30.0,64.00318820064673,0.0,2.0
23.06,363.2244041949582,41.15664866930313,35.236301480694834,-0.937545722011203,-0.6987330188557389,-43.46864586477545,98.65486852495863,30.0,73.46864586477545,0.0,2.0
23.080000000000002,363.55071682097906,40.653140903623814,34.75329187081131,-0.9957729874889534,-0.5986866869775609,-23.290906191100156,98.82372829917183,30.0,53.290906191100156,6.709093808899844,2.0
23.1,363.8515345798245,40.133998653404085,34.295183255393944,-1.0456230572797525,-0.5813325481667821,-19.94002791631961,99.0923393995661,30.0,49.94002791631961,10.059972083680389,2.0
23.12,364.12801500797445,39.601496472328726,33.86331863203973,-1.0918991305753718,-0.5720271030097023,-18.510429318247702,99.30330026412808,30.0,48.5104293182477,11.489570681752298,2.0
23.14,364.42383332041095,39.07948926354016,33.38982331292959,-1.055226688998189,-0.35305096008289644,14.668976630873143,99.37383977503931,30.0,15.331023369126857,44.668976630873146,2.0
23.16,364.737123644828,38.56777726189601,32.87555026329853,-1.0214257336038417,-0.31668577217558214,13.520382157738934,99.66855787275779,30.0,16.479617842261064,43.520382157738936,2.0
23.18,365.0875947297726,38.080776216088346,32.28472550816653,-0.9470027595511835,-0.17033470495257105,29.769189621063287,100.056760944296,30.0,0.23081037893671308,59.76918962106329,2.0
23.2,365.41933905398736,37.580830515685506,31.710485017282746,-0.9849470840908457,-0.40613858669925695,-15.177729815864893,100.10605467147744,30.0,45.17772981586489,14.822270184135107,2.0
23.22,365.8523530350251,36.718132290555964,30.939229670988837,-1.105606038859533,-0.7442641411407287,-66.52716381494979,100.07611682655869,30.0,96.52716381494979,0.0,2.0
23.240000000000002,366.14875553866295,35.93072334487747,30.39725901173689,-1.210774600872597,-0.7303077169773018,-54.134849610451155,100.17231430289723,30.0,84.13484961045116,0.0,2.0
23.26,366.3645181471345,35.09185704208893,29.995632721508386,-1.3190458298222068,-0.7942042625441659,-56.61698315968775,100.20461052243893,30.0,86.61698315968775,0.0,2.0
23.28,366.4704769771894,34.501287210203316,29.796221310183288,-1.3932672267024162,-0.6660615930039732,-29.688558752083757,100.23266305904997,30.0,59.68855875208376,0.3114412479162425,2.0
23.3,366.56326889714126,33.90850591867022,29.62041765589732,-1.415519906407498,-0.5411761710384329,-8.901071882032703,100.16240575088979,30.0,38.9010718820327,21.098928117967297,2.0
23.32,366.63769349716813,33.313139662563245,29.478624481994412,-1.4464350180309038,-0.5479791866629051,-12.366044649362355,100.3552191056146,30.0,42.36604464936235,17.633955350637645,2.0
23.34,366.74198429989076,32.722272986850804,29.278753847252418,-1.3960909522487293,-0.3246074746438213,20.13762631286983,100.31716910493247,30.0,9.86237368713017,50.13762631286983,2.0
23.36,366.80255550257925,31.96876962377183,29.162042203593877,-1.4905827002983647,-0.7035396350834298,-45.59339843970828,100.39318181805247,30.0,75.59339843970828,0.0,2.0
23.38,366.82755801183754,31.369290788006307,29.11373177565959,-1.529113408639756,-0.5410612036470968,-15.412283336556477,100.31813929672391,30.0,45.41228333655648,14.587716663443523,2.0
23.400000000000002,366.8327230472353,30.76931301974373,29.10374200293422,-1.5621878281418164,-0.521515661387435,-13.229767800824158,100.17198845116965,30.0,43.229767800824156,16.770232199175844,2.0
23.42,366.85071250702754,30.16958276426517,29.06892221227676,-1.540809399890141,-0.37118206096563244,8.551371300670104,100.03117321923804,30.0,21.448628699329895,38.551371300670105,2.0
23.44,366.8693482962408,29.56987224463057,29.03280865467191,-1.5397316820539482,-0.38931093519669596,0.43108713447716696,100.10440381427179,30.0,29.568912865522833,30.431087134477167,2.0
23.46,366.95882980456264,28.843415756319132,28.858800989454565,-1.4482383447161482,-0.0866186839471557,43.19466987024005,99.95508382732622,30.0,0.0,73.19466987024005,2.0
23.48,367.07466344691494,28.254703120732465,28.632065599807433,-1.3765204645266333,-0.10571104819649975,28.687152075805898,99.74562646498889,30.0,1.3128479241941022,58.6871520758059,2.0
23.5,367.24844680700784,27.63743731372613,28.288776276704393,-1.2963626384949198,-0.016906301691693035,34.12626082537085,99.81006441250227,30.0,0.0,64.12626082537085,2.0
23.52,367.51648812025695,26.941523907863953,27.75200314282548,-1.203144009885628,0.1086448556780216,44.574902887433474,99.74259863137591,30.0,0.0,74.57490288743347,2.0
23.54,367.773371630986,26.399296223292676,27.229361557599805,-1.1283636349361126,0.0799151589068353,29.91214997980618,99.51217563928373,30.0,0.08785002019381949,59.91214997980618,2.0
23.56,368.059317588579,25.87181645179787,26.638256234374648,-1.0740398116903176,0.07120844843244994,21.729529298318,99.56358583691221,30.0,8.270470701682001,51.729529298318,2.0
23.580000000000002,368.3352220348343,25.339015610454165,26.05871131049789,-1.0929804789362014,-0.08868070788149432,-7.576266898353509,99.67461385569376,30.0,37.57626689835351,22.42373310164649,2.0
23.6,368.6093605559018,24.805304011117084,25.474059039240597,-1.096292064449177,-0.054855312269338374,-1.3246342051901572,99.53287735479456,30.0,31.324634205190158,28.675365794809842,2.0
23.62,368.88508920573116,24.27241217250135,24.8772845538246,-1.0933103984854358,-0.03712803746405667,1.192666385496498,99.60057112783284,30.0,28.807333614503502,31.192666385496498,2.0
23.64,369.2564437910722,23.685689817012015,24.059950611076516,-1.0065143596857054,0.21760455301032317,39.43683103978442,99.74828302331689,30.0,0.0,69.43683103978442,2.0
23.66,369.5859102378376,23.184240058356416,23.32201288371935,-0.9894964826325594,0.05677738167863235,6.807150821258357,99.84836158149665,30.0,23.192849178741643,36.80715082125836,2.0
23.68,369.9109578461127,22.6799147146004,22.58244432438884,-0.9982833576475505,-0.0024594079686731064,-3.5147500059964347,99.92946084122714,30.0,33.51475000599643,26.485249994003567,2.0
23.7,370.22573501462585,22.169115992809875,21.85557532893883,-1.018517513642721,-0.037693211532586514,-8.093662398068162,100.09530122313356,30.0,38.09366239806816,21.90633760193184,2.0
23.72,370.52858307699233,21.651155520263107,21.146573477584585,-1.0417077249162743,-0.05622269466163213,-9.276084509421313,100.33462375271486,30.0,39.27608450942131,20.723915490578687,2.0
23.740000000000002,370.8360465410043,21.13592138096547,20.417289004692975,-1.0327735495100074,0.016202790617181217,3.5736701625067537,100.55703635296211,30.0,26.426329837493245,33.57367016250675,2.0
23.76,371.15188757732915,20.625779792998724,19.65844235708969,-1.0164334203486074,0.04089736872694779,6.5360516645599915,100.73254835216584,30.0,23.46394833544001,36.53605166455999,2.0
23.78,371.4703790435749,20.117288705634724,18.88355283237056,-1.011229534779542,0.020511321390266464,2.0815542276261585,101.04199534360791,30.0,27.918445772373843,32.08155422762616,2.0
23.8,371.7633412440984,19.593673246481323,18.162440074277043,-1.060689663161586,-0.12000452263523666,-19.784051352817674,101.20220981024983,30.0,49.78405135281767,10.215948647182326,2.0
23.82,372.0461443652155,19.064501823701896,17.458974151069352,-1.079988467642379,-0.06636105594376601,-7.719521792317187,101.42508887611083,30.0,37.71952179231719,22.280478207682812,2.0
23.84,372.36659633273433,18.557243963720097,16.653386022755665,-1.007369331244602,0.16574541251347547,29.047654559110825,101.53932661594054,30.0,0.9523454408891752,59.047654559110825,2.0
23.86,372.6841150107559,18.0481448681528,15.846587152256319,-1.0131414791834512,-0.0008603870931154074,-2.3088591755397347,101.73784927182464,30.0,32.30885917553974,27.691140824460266,2.0
23.88,373.1118372381778,17.481301604810035,14.746802954431192,-0.9243776079938724,0.27934318065345276,41.01109695166304,101.9029584697258,30.0,0.0,71.01109695166303,2.0
23.900000000000002,373.63916876346684,16.90813649035515,13.371470745107125,-0.8270222035156373,0.37623760566375253,47.88432358258804,102.12440436083563,30.0,0.0,77.88432358258804,2.0
23.92,374.17607027512105,16.421395287512095,11.950581675665177,-0.7364355537195655,0.3985335194118989,42.46931983685737,102.34922713795322,30.0,0.0,72.46931983685738,2.0
23.94,374.7460142166156,15.990689966334607,10.421302145070511,-0.6471376700190551,0.4394156097907944,41.43830696040833,102.57916331688874,30.0,0.0,71.43830696040834,2.0
23.96,375.21894493373753,15.62145218819899,9.137347481776986,-0.6628886437158364,0.1705692115277591,-6.300389478712553,103.06858089136404,30.0,36.30038947871255,23.699610521287447,2.0
23.98,375.97142434416196,14.850448454946175,7.069476732323306,-0.7975567554179546,-0.3165393770657307,-77.73448936169449,103.49997020102728,30.0,107.73448936169449,0.0,2.0
